Date,ZoneID,AvgTemperature,Humidity,SpecialEvent,EnergyConsumption
2025-01-01,1,18.98,84.68,0,4019.09
2025-01-02,1,18.17,79.1,0,4055.38
2025-01-03,1,19.37,83.78,0,4449.31
2025-01-04,1,19.0,75.96,0,3831.4
2025-01-05,1,19.84,79.47,0,3909.6
2025-01-06,1,20.64,78.45,0,4140.68
2025-01-07,1,20.02,81.6,0,4306.98
2025-01-08,1,22.63,75.88,0,4037.23
2025-01-09,1,20.85,84.98,0,4105.38
2025-01-10,1,19.18,83.93,0,4346.1
2025-01-11,1,19.71,81.53,0,4088.58
2025-01-12,1,22.12,79.76,0,4047.34
2025-01-13,1,21.51,82.34,0,4178.4
2025-01-14,1,20.58,76.77,0,4460.55
2025-01-15,1,20.08,85.26,0,4199.18
2025-01-16,1,21.51,82.36,0,4379.16
2025-01-17,1,20.7,77.8,0,4165.55
2025-01-18,1,19.24,75.61,1,4742.1
2025-01-19,1,21.0,83.49,0,4094.25
2025-01-20,1,21.4,78.27,0,4084.88
2025-01-21,1,19.69,79.25,0,4299.69
2025-01-22,1,19.19,81.67,0,4311.81
2025-01-23,1,20.42,80.26,0,4205.91
2025-01-24,1,16.78,76.32,0,4009.32
2025-01-25,1,19.37,77.14,0,4249.42
2025-01-26,1,18.02,86.44,0,4053.01
2025-01-27,1,16.94,81.92,0,3923.03
2025-01-28,1,18.7,83.54,0,3986.75
2025-01-29,1,18.09,80.22,0,4224.52
2025-01-30,1,20.2,80.15,0,4252.33
2025-01-31,1,18.32,89.6,0,4360.07
2025-02-01,1,20.19,75.51,0,3836.41
2025-02-02,1,17.81,76.41,0,3970.49
2025-02-03,1,16.57,79.19,0,4363.71
2025-02-04,1,21.76,94.99,0,4161.24
2025-02-05,1,16.36,85.86,0,4191.61
2025-02-06,1,18.89,81.96,0,4263.51
2025-02-07,1,19.95,76.73,0,4105.98
2025-02-08,1,20.52,90.35,0,4299.53
2025-02-09,1,20.31,75.79,1,4525.68
2025-02-10,1,24.36,74.6,0,4048.14
2025-02-11,1,23.01,81.68,0,4226.21
2025-02-12,1,21.05,83.48,1,4677.45
2025-02-13,1,20.38,82.65,0,4270.29
2025-02-14,1,22.12,81.93,0,4275.33
2025-02-15,1,21.76,86.33,1,5017.56
2025-02-16,1,22.57,74.09,0,4290.52
2025-02-17,1,24.62,77.8,0,4525.45
2025-02-18,1,20.5,77.33,0,4128.43
2025-02-19,1,21.82,80.01,1,5124.34
2025-02-20,1,21.7,84.16,0,4245.49
2025-02-21,1,20.1,76.05,0,4129.36
2025-02-22,1,22.27,73.9,0,3905.24
2025-02-23,1,20.23,87.08,0,4338.65
2025-02-24,1,20.21,78.61,1,4903.93
2025-02-25,1,20.44,76.5,0,4234.58
2025-02-26,1,23.53,88.99,0,4241.76
2025-02-27,1,17.84,80.92,1,5096.1
2025-02-28,1,18.82,79.86,0,4191.43
2025-03-01,1,18.38,80.81,0,4250.69
2025-03-02,1,19.84,73.56,0,4373.79
2025-03-03,1,18.36,77.97,0,4728.79
2025-03-04,1,18.79,81.29,0,4543.65
2025-03-05,1,19.38,81.45,0,4312.12
2025-03-06,1,20.62,81.05,0,4187.97
2025-03-07,1,21.21,82.43,1,4976.8
2025-03-08,1,23.46,80.33,0,4054.84
2025-03-09,1,22.52,76.63,1,4648.26
2025-03-10,1,25.92,85.53,0,4312.52
2025-03-11,1,21.89,86.62,1,5012.27
2025-03-12,1,21.43,85.62,0,4068.07
2025-03-13,1,23.59,80.65,0,4175.74
2025-03-14,1,24.42,77.42,0,4507.19
2025-03-15,1,21.22,79.86,0,4095.49
2025-03-16,1,24.46,69.8,0,4316.51
2025-03-17,1,22.93,84.01,0,4244.55
2025-03-18,1,23.62,77.46,0,4308.18
2025-03-19,1,27.46,82.1,0,4883.52
2025-03-20,1,25.53,81.75,0,4395.54
2025-03-21,1,23.77,83.84,0,4395.46
2025-03-22,1,24.26,84.33,1,5081.11
2025-03-23,1,25.31,69.79,0,3875.41
2025-03-24,1,23.3,86.65,0,4151.63
2025-03-25,1,22.35,79.92,0,4102.85
2025-03-26,1,23.98,84.26,0,3846.05
2025-03-27,1,23.77,78.94,0,4506.95
2025-03-28,1,20.31,78.16,0,3925.22
2025-03-29,1,25.18,79.25,0,4048.11
2025-03-30,1,24.24,83.39,0,4136.94
2025-03-31,1,23.54,74.19,0,4151.0
2025-04-01,1,23.84,83.22,0,4228.25
2025-04-02,1,25.6,73.12,0,4358.39
2025-04-03,1,25.0,77.27,0,4452.76
2025-04-04,1,25.36,79.65,0,4314.66
2025-04-05,1,21.79,87.5,0,4124.82
2025-04-06,1,26.89,67.57,0,3932.62
2025-04-07,1,24.44,79.54,0,4313.26
2025-04-08,1,24.07,65.99,0,4035.83
2025-04-09,1,27.2,78.63,0,4399.25
2025-04-10,1,27.23,78.82,0,4618.42
2025-04-11,1,26.49,74.59,0,4567.18
2025-04-12,1,27.32,77.39,1,4969.83
2025-04-13,1,29.37,63.19,0,4169.8
2025-04-14,1,25.21,72.8,0,4232.44
2025-04-15,1,28.94,78.75,0,4673.73
2025-04-16,1,30.67,72.38,0,4692.65
2025-04-17,1,26.74,70.34,0,4554.36
2025-04-18,1,31.18,64.45,1,5251.81
2025-04-19,1,29.33,72.0,0,4656.48
2025-04-20,1,27.66,71.14,0,4205.9
2025-04-21,1,28.9,71.84,0,4692.36
2025-04-22,1,29.92,70.21,0,4902.88
2025-04-23,1,27.36,79.32,0,4516.91
2025-04-24,1,28.06,82.87,0,4648.81
2025-04-25,1,27.57,78.77,0,4617.11
2025-04-26,1,27.12,75.19,0,4019.77
2025-04-27,1,24.12,70.19,1,4577.54
2025-04-28,1,29.65,77.05,0,4803.63
2025-04-29,1,26.36,72.46,0,4503.05
2025-04-30,1,26.52,78.98,0,4460.1
2025-05-01,1,30.77,71.48,0,4819.66
2025-05-02,1,28.17,71.92,0,4419.16
2025-05-03,1,28.25,67.78,0,4464.44
2025-05-04,1,28.94,76.84,1,5090.56
2025-05-05,1,29.05,69.67,0,4296.32
2025-05-06,1,28.41,61.64,0,4772.52
2025-05-07,1,30.61,66.23,0,4212.98
2025-05-08,1,29.09,82.95,0,4635.56
2025-05-09,1,31.0,61.5,0,4791.52
2025-05-10,1,30.7,73.37,0,4752.42
2025-05-11,1,30.29,74.1,0,4424.61
2025-05-12,1,30.39,76.09,0,5058.02
2025-05-13,1,31.34,75.87,0,4939.96
2025-05-14,1,34.4,64.37,0,5016.83
2025-05-15,1,33.02,59.27,0,4869.38
2025-05-16,1,34.09,54.21,0,4764.48
2025-05-17,1,31.34,69.36,0,4616.44
2025-05-18,1,32.22,68.36,0,4864.61
2025-05-19,1,33.24,68.38,0,5068.38
2025-05-20,1,34.98,64.6,0,5017.61
2025-05-21,1,30.46,62.08,0,4631.33
2025-05-22,1,30.4,67.87,0,4750.77
2025-05-23,1,30.31,72.68,0,4742.03
2025-05-24,1,30.2,70.89,0,4305.27
2025-05-25,1,30.76,68.91,0,4638.38
2025-05-26,1,28.61,75.78,0,4588.79
2025-05-27,1,30.98,55.14,0,4721.03
2025-05-28,1,28.86,72.24,0,4418.76
2025-05-29,1,29.15,69.5,0,4416.09
2025-05-30,1,30.7,76.15,0,4760.72
2025-05-31,1,28.15,62.43,0,4231.91
2025-06-01,1,31.79,67.19,0,4781.52
2025-06-02,1,30.1,73.5,0,4644.4
2025-06-03,1,31.99,69.41,1,5252.41
2025-06-04,1,32.37,60.02,0,4649.83
2025-06-05,1,32.66,60.82,0,5062.32
2025-06-06,1,32.82,61.55,0,4869.77
2025-06-07,1,32.98,65.72,0,4875.33
2025-06-08,1,32.64,62.45,0,4565.27
2025-06-09,1,30.44,74.1,0,4723.44
2025-06-10,1,31.5,63.58,0,4790.18
2025-06-11,1,32.99,66.79,0,4711.84
2025-06-12,1,35.81,71.93,0,5228.94
2025-06-13,1,34.84,65.35,0,4916.29
2025-06-14,1,32.75,64.55,0,5096.03
2025-06-15,1,34.98,70.28,1,5773.22
2025-06-16,1,35.64,56.98,0,5436.44
2025-06-17,1,34.63,53.51,0,4960.29
2025-06-18,1,34.43,61.6,0,4813.06
2025-06-19,1,35.35,58.59,0,5332.9
2025-06-20,1,34.78,57.95,0,5287.99
2025-06-21,1,34.58,73.47,0,5076.21
2025-06-22,1,33.54,66.31,0,5075.31
2025-06-23,1,32.72,60.56,0,5084.33
2025-06-24,1,35.25,58.44,0,5238.46
2025-06-25,1,32.54,67.42,0,4794.96
2025-06-26,1,31.56,51.68,1,5317.28
2025-06-27,1,32.21,68.25,1,5384.31
2025-06-28,1,32.32,67.75,0,4582.06
2025-06-29,1,33.16,60.66,0,4801.35
2025-06-30,1,33.41,56.3,1,5620.14
2025-07-01,1,30.86,55.47,0,4702.27
2025-07-02,1,31.33,62.36,0,4399.86
2025-07-03,1,30.93,58.42,0,4823.46
2025-07-04,1,34.42,54.62,0,5184.71
2025-07-05,1,33.79,63.44,0,4914.17
2025-07-06,1,34.31,64.1,1,5272.63
2025-07-07,1,31.34,67.35,0,4647.23
2025-07-08,1,32.28,62.04,0,5224.51
2025-07-09,1,35.97,56.83,0,5254.22
2025-07-10,1,35.16,54.13,0,5496.65
2025-07-11,1,37.45,52.79,0,5508.1
2025-07-12,1,36.7,64.12,0,5274.71
2025-07-13,1,37.12,59.18,0,5196.33
2025-07-14,1,35.51,52.19,0,5520.32
2025-07-15,1,38.18,57.78,0,5464.85
2025-07-16,1,36.47,52.24,0,5310.98
2025-07-17,1,34.19,59.08,1,6057.47
2025-07-18,1,37.03,57.19,0,5361.57
2025-07-19,1,35.2,53.02,0,4865.39
2025-07-20,1,33.39,62.26,0,4506.44
2025-07-21,1,34.6,63.71,0,5307.41
2025-07-22,1,34.44,54.55,0,5169.59
2025-07-23,1,34.53,65.08,0,5093.08
2025-07-24,1,31.88,58.96,0,4829.08
2025-07-25,1,32.48,61.3,0,4809.28
2025-07-26,1,33.44,57.24,0,4882.51
2025-07-27,1,31.18,58.48,0,4409.47
2025-07-28,1,29.65,52.66,0,4658.95
2025-07-29,1,32.36,65.95,0,4989.83
2025-07-30,1,34.7,52.43,0,4997.72
2025-07-31,1,31.32,58.91,0,5143.5
2025-08-01,1,32.24,69.32,0,5250.24
2025-08-02,1,32.78,60.0,0,5343.47
2025-08-03,1,34.35,54.57,0,4855.92
2025-08-04,1,32.77,63.79,0,5000.89
2025-08-05,1,33.8,60.12,0,4699.67
2025-08-06,1,35.04,52.54,0,5156.2
2025-08-07,1,34.55,54.31,0,4878.69
2025-08-08,1,34.17,55.1,0,5134.16
2025-08-09,1,33.59,62.04,0,4508.92
2025-08-10,1,32.48,59.15,0,4724.98
2025-08-11,1,35.33,58.17,0,4994.97
2025-08-12,1,33.81,52.68,0,5274.68
2025-08-13,1,34.85,44.83,0,4999.53
2025-08-14,1,34.6,55.45,0,5069.28
2025-08-15,1,36.69,52.52,0,5410.49
2025-08-16,1,32.84,60.71,0,4751.93
2025-08-17,1,36.91,52.57,0,5124.87
2025-08-18,1,32.54,59.29,0,4795.05
2025-08-19,1,34.48,60.25,0,5292.46
2025-08-20,1,35.11,64.16,0,5420.1
2025-08-21,1,30.41,58.9,0,4749.47
2025-08-22,1,31.79,58.61,0,4829.19
2025-08-23,1,32.74,57.55,0,4771.17
2025-08-24,1,32.4,64.79,0,4792.9
2025-08-25,1,32.25,53.32,0,5072.19
2025-08-26,1,32.34,60.05,0,5000.63
2025-08-27,1,32.59,60.25,0,4996.29
2025-08-28,1,26.66,65.17,0,4063.69
2025-08-29,1,31.32,62.15,0,4687.65
2025-08-30,1,32.62,56.37,0,4758.34
2025-08-31,1,31.35,67.83,0,4480.44
2025-09-01,1,30.76,60.02,0,4716.92
2025-09-02,1,30.08,65.34,0,4649.51
2025-09-03,1,31.21,61.0,0,4625.1
2025-09-04,1,30.16,66.21,0,4460.63
2025-09-05,1,32.52,61.25,0,4971.33
2025-09-06,1,33.2,60.31,1,5212.03
2025-09-07,1,32.88,57.18,0,4941.65
2025-09-08,1,34.71,66.32,0,5128.97
2025-09-09,1,33.29,62.27,0,5027.53
2025-09-10,1,34.05,57.59,0,5001.82
2025-09-11,1,33.82,58.11,0,5174.81
2025-09-12,1,32.36,63.0,1,5343.47
2025-09-13,1,34.78,54.93,0,4777.43
2025-09-14,1,31.13,60.47,0,4557.91
2025-09-15,1,33.14,60.43,0,5064.05
2025-09-16,1,32.79,48.5,0,4564.48
2025-09-17,1,31.57,59.97,0,5055.24
2025-09-18,1,31.36,57.69,1,5376.11
2025-09-19,1,30.6,65.74,0,4899.6
2025-09-20,1,31.05,55.74,0,4738.02
2025-09-21,1,29.76,57.72,0,4392.57
2025-09-22,1,29.9,56.69,0,4459.85
2025-09-23,1,28.42,63.18,0,4294.82
2025-09-24,1,30.38,61.97,0,4750.22
2025-09-25,1,28.62,61.83,0,4479.08
2025-09-26,1,29.32,58.91,1,5085.26
2025-09-27,1,28.19,70.26,0,4347.46
2025-09-28,1,25.89,63.68,0,3957.78
2025-09-29,1,27.73,70.1,0,4413.07
2025-09-30,1,29.47,63.48,0,4720.8
2025-10-01,1,27.66,64.24,0,4219.17
2025-10-02,1,25.58,68.58,0,4194.5
2025-10-03,1,27.96,67.58,0,4401.96
2025-10-04,1,29.9,70.11,0,4720.13
2025-10-05,1,30.17,67.74,0,4659.39
2025-10-06,1,29.4,57.25,0,4393.04
2025-10-07,1,27.79,70.54,0,4795.79
2025-10-08,1,28.71,57.65,0,4589.71
2025-10-09,1,29.34,68.69,0,4724.19
2025-10-10,1,27.92,66.41,1,5023.24
2025-10-11,1,28.99,62.52,0,4736.8
2025-10-12,1,29.11,62.22,0,4268.96
2025-10-13,1,28.73,60.37,0,4544.54
2025-10-14,1,30.68,62.74,0,4743.42
2025-10-15,1,28.59,72.68,0,4261.55
2025-10-16,1,27.46,65.1,0,4539.08
2025-10-17,1,27.26,70.36,0,4510.49
2025-10-18,1,28.68,65.65,0,4520.55
2025-10-19,1,27.0,65.65,0,3793.85
2025-10-20,1,24.35,61.79,0,4112.85
2025-10-21,1,23.73,63.37,0,4567.64
2025-10-22,1,27.88,63.22,1,4936.99
2025-10-23,1,22.24,69.02,0,4142.38
2025-10-24,1,22.27,65.87,0,4198.46
2025-10-25,1,24.76,61.31,0,3874.34
2025-10-26,1,24.8,67.93,0,3988.54
2025-10-27,1,24.24,71.57,0,4476.98
2025-10-28,1,25.03,66.74,1,5235.79
2025-10-29,1,26.33,61.01,0,4615.0
2025-10-30,1,22.15,63.78,0,4201.84
2025-10-31,1,23.6,66.16,0,4007.37
2025-11-01,1,22.68,81.62,0,4238.99
2025-11-02,1,23.43,68.82,0,3499.79
2025-11-03,1,22.43,61.56,0,3911.44
2025-11-04,1,26.47,67.48,0,4454.85
2025-11-05,1,25.96,63.69,0,4443.98
2025-11-06,1,24.29,72.36,0,4114.06
2025-11-07,1,23.72,64.18,0,3715.73
2025-11-08,1,25.56,70.47,0,4143.87
2025-11-09,1,26.33,71.46,1,5099.81
2025-11-10,1,24.15,78.54,0,4437.58
2025-11-11,1,25.59,67.09,0,4264.15
2025-11-12,1,23.18,75.92,0,4071.39
2025-11-13,1,25.57,65.77,0,4422.69
2025-11-14,1,24.82,78.78,0,4495.28
2025-11-15,1,24.66,74.3,0,4075.8
2025-11-16,1,23.96,66.78,0,4079.22
2025-11-17,1,24.51,78.36,0,4215.48
2025-11-18,1,23.73,68.26,1,4696.2
2025-11-19,1,24.99,72.37,1,5145.91
2025-11-20,1,19.2,64.94,0,4139.19
2025-11-21,1,22.14,66.29,0,4499.39
2025-11-22,1,22.52,73.61,0,3946.34
2025-11-23,1,18.01,77.55,0,3765.36
2025-11-24,1,19.76,69.28,0,4172.58
2025-11-25,1,17.53,79.93,0,4203.06
2025-11-26,1,16.82,72.54,0,3689.14
2025-11-27,1,19.72,69.56,0,4043.94
2025-11-28,1,20.78,77.62,0,4193.5
2025-11-29,1,20.81,67.46,0,3831.97
2025-11-30,1,19.64,75.77,0,4076.63
2025-12-01,1,21.98,75.71,0,4192.8
2025-12-02,1,21.91,65.03,0,4287.51
2025-12-03,1,21.53,76.89,0,4309.04
2025-12-04,1,22.36,87.88,0,4169.09
2025-12-05,1,22.32,76.66,0,4037.27
2025-12-06,1,25.23,74.04,0,4303.85
2025-12-07,1,22.08,73.63,0,3786.47
2025-12-08,1,22.91,83.95,0,4213.96
2025-12-09,1,21.84,73.25,0,4128.23
2025-12-10,1,23.89,65.22,0,4063.69
2025-12-11,1,23.13,68.94,0,4386.14
2025-12-12,1,23.85,66.57,0,4215.96
2025-12-13,1,20.1,76.96,0,4146.37
2025-12-14,1,22.36,76.96,0,4267.05
2025-12-15,1,17.79,77.45,0,3915.04
2025-12-16,1,21.58,82.55,1,4981.89
2025-12-17,1,19.77,74.42,0,4108.72
2025-12-18,1,21.28,67.41,0,4258.86
2025-12-19,1,19.94,80.76,0,4470.12
2025-12-20,1,19.32,77.44,1,4596.32
2025-12-21,1,20.34,79.09,0,4062.52
2025-12-22,1,19.71,76.29,0,3939.6
2025-12-23,1,20.44,84.79,0,4691.17
2025-12-24,1,19.81,83.38,0,4239.66
2025-12-25,1,17.94,81.99,0,4300.35
2025-12-26,1,16.86,85.08,0,4410.39
2025-12-27,1,19.15,77.99,0,3899.63
2025-12-28,1,16.0,83.0,0,4016.87
2025-12-29,1,16.0,75.68,0,4097.99
2025-12-30,1,19.0,72.81,0,4168.89
2025-12-31,1,19.16,91.38,0,4288.25
2025-01-01,2,20.7,78.17,0,5436.87
2025-01-02,2,19.42,91.25,0,5598.89
2025-01-03,2,19.68,84.47,0,5069.71
2025-01-04,2,19.45,84.87,0,4815.12
2025-01-05,2,16.56,75.05,0,4987.92
2025-01-06,2,19.76,79.81,0,5152.11
2025-01-07,2,17.73,91.97,0,5213.49
2025-01-08,2,20.2,81.98,0,5224.63
2025-01-09,2,18.2,85.21,0,5387.96
2025-01-10,2,16.0,84.7,0,5115.02
2025-01-11,2,17.81,78.68,0,4934.23
2025-01-12,2,16.46,84.5,0,5172.73
2025-01-13,2,16.58,80.05,0,5427.56
2025-01-14,2,18.99,80.1,0,4810.24
2025-01-15,2,18.8,91.37,0,5292.0
2025-01-16,2,19.99,85.04,0,4926.45
2025-01-17,2,19.9,77.14,0,5109.4
2025-01-18,2,17.28,76.42,0,4938.33
2025-01-19,2,20.08,78.6,0,5213.82
2025-01-20,2,20.43,69.86,0,5208.22
2025-01-21,2,21.38,84.8,0,5589.45
2025-01-22,2,19.82,84.88,0,5061.14
2025-01-23,2,23.44,77.18,0,5209.77
2025-01-24,2,21.25,87.02,0,4925.37
2025-01-25,2,20.27,83.75,0,4757.8
2025-01-26,2,20.3,78.12,0,4747.28
2025-01-27,2,20.29,77.46,0,5315.37
2025-01-28,2,20.76,78.85,0,5033.98
2025-01-29,2,19.09,77.42,0,4960.16
2025-01-30,2,20.62,84.68,0,5232.27
2025-01-31,2,19.76,83.44,0,4956.28
2025-02-01,2,17.96,83.28,0,4638.2
2025-02-02,2,19.88,87.69,0,5171.18
2025-02-03,2,18.1,82.52,0,4788.96
2025-02-04,2,20.13,76.72,0,4915.03
2025-02-05,2,16.62,83.45,0,5286.61
2025-02-06,2,19.07,84.13,0,5508.09
2025-02-07,2,16.86,83.95,0,5450.37
2025-02-08,2,16.36,83.08,0,5127.33
2025-02-09,2,18.69,81.83,0,5077.9
2025-02-10,2,18.22,83.1,0,5094.19
2025-02-11,2,19.55,95.0,0,5369.87
2025-02-12,2,18.04,86.4,0,5379.98
2025-02-13,2,21.1,82.2,0,4787.41
2025-02-14,2,22.08,82.41,0,4991.54
2025-02-15,2,19.12,83.51,0,5090.96
2025-02-16,2,22.25,71.63,0,4946.59
2025-02-17,2,20.88,74.14,0,4710.76
2025-02-18,2,22.5,72.85,0,5113.57
2025-02-19,2,23.61,78.59,0,5089.89
2025-02-20,2,24.1,81.82,0,5175.73
2025-02-21,2,20.4,83.86,0,5358.76
2025-02-22,2,22.99,91.92,0,5089.56
2025-02-23,2,25.46,84.1,1,6054.12
2025-02-24,2,23.01,81.4,0,5187.95
2025-02-25,2,20.75,82.36,0,5170.88
2025-02-26,2,20.64,86.71,0,5116.05
2025-02-27,2,22.36,72.98,0,5040.15
2025-02-28,2,24.27,75.85,0,5093.9
2025-03-01,2,22.65,79.55,0,4913.47
2025-03-02,2,19.83,75.45,0,5009.2
2025-03-03,2,20.0,84.28,0,5655.21
2025-03-04,2,19.04,83.96,0,5136.48
2025-03-05,2,21.41,69.52,0,5452.4
2025-03-06,2,20.36,83.21,0,5190.05
2025-03-07,2,20.02,70.78,0,5099.8
2025-03-08,2,19.31,83.3,0,4945.34
2025-03-09,2,21.54,74.28,1,5516.8
2025-03-10,2,19.81,91.86,1,6106.71
2025-03-11,2,19.55,79.77,0,5199.28
2025-03-12,2,20.94,81.19,0,4944.43
2025-03-13,2,20.63,86.13,0,5209.45
2025-03-14,2,20.55,82.14,0,5477.69
2025-03-15,2,22.81,73.3,0,4821.67
2025-03-16,2,21.74,82.19,0,5193.09
2025-03-17,2,21.94,77.34,0,5071.86
2025-03-18,2,25.05,81.21,0,5733.5
2025-03-19,2,22.55,80.25,0,5057.14
2025-03-20,2,23.58,73.8,0,5119.63
2025-03-21,2,23.19,83.54,0,5729.38
2025-03-22,2,24.64,78.55,0,5384.78
2025-03-23,2,27.16,77.74,0,5399.08
2025-03-24,2,24.28,85.68,1,6090.19
2025-03-25,2,22.61,74.64,0,5371.21
2025-03-26,2,27.68,67.75,0,5703.49
2025-03-27,2,23.83,78.5,0,5129.82
2025-03-28,2,23.5,77.1,0,5146.16
2025-03-29,2,25.19,75.18,0,5194.39
2025-03-30,2,25.39,75.14,0,4790.92
2025-03-31,2,26.27,76.46,0,5601.72
2025-04-01,2,22.63,69.26,0,5109.27
2025-04-02,2,25.35,74.71,0,5477.11
2025-04-03,2,25.54,75.51,0,5476.39
2025-04-04,2,26.35,79.36,0,5583.05
2025-04-05,2,25.66,84.38,0,5201.45
2025-04-06,2,25.36,77.02,0,5223.96
2025-04-07,2,25.05,77.33,0,5249.42
2025-04-08,2,26.3,71.37,0,5394.54
2025-04-09,2,25.53,68.88,0,4917.6
2025-04-10,2,24.5,71.48,1,6105.2
2025-04-11,2,23.78,78.68,0,5307.86
2025-04-12,2,25.64,72.58,1,6135.02
2025-04-13,2,25.9,68.78,0,4950.64
2025-04-14,2,27.74,79.42,0,5651.97
2025-04-15,2,25.94,78.95,0,5454.88
2025-04-16,2,27.95,71.16,0,5365.95
2025-04-17,2,25.74,66.39,0,5614.8
2025-04-18,2,29.73,64.32,1,6792.57
2025-04-19,2,27.57,74.48,0,5432.71
2025-04-20,2,27.16,75.18,0,5441.46
2025-04-21,2,30.48,67.68,0,5457.25
2025-04-22,2,29.01,69.7,0,5773.5
2025-04-23,2,29.01,67.13,0,5864.88
2025-04-24,2,30.67,70.51,0,5681.12
2025-04-25,2,29.98,72.32,0,5903.42
2025-04-26,2,28.87,74.86,1,5812.83
2025-04-27,2,31.58,54.94,0,5955.8
2025-04-28,2,29.36,64.41,1,6680.66
2025-04-29,2,26.95,79.09,0,5316.48
2025-04-30,2,28.61,67.0,0,5757.68
2025-05-01,2,26.78,71.34,0,5683.08
2025-05-02,2,27.05,81.07,0,5349.58
2025-05-03,2,27.74,68.41,0,5374.48
2025-05-04,2,26.74,62.15,0,4890.91
2025-05-05,2,27.22,68.05,1,6634.54
2025-05-06,2,28.21,72.97,0,5509.82
2025-05-07,2,28.35,66.4,0,5374.69
2025-05-08,2,27.63,69.02,0,5414.63
2025-05-09,2,27.72,70.59,0,5639.54
2025-05-10,2,28.57,70.57,0,5613.63
2025-05-11,2,28.12,69.7,1,6517.33
2025-05-12,2,26.86,75.91,0,5536.23
2025-05-13,2,31.3,71.07,0,5867.62
2025-05-14,2,29.55,68.56,0,5694.73
2025-05-15,2,30.23,65.35,0,5555.18
2025-05-16,2,30.98,71.24,1,6906.72
2025-05-17,2,31.04,70.31,0,5736.47
2025-05-18,2,30.65,79.59,1,6463.26
2025-05-19,2,32.47,68.3,0,6283.26
2025-05-20,2,32.15,61.6,0,6131.11
2025-05-21,2,30.88,76.88,0,5966.13
2025-05-22,2,35.19,65.44,0,6252.92
2025-05-23,2,34.02,67.78,0,6113.48
2025-05-24,2,33.54,65.29,0,5736.58
2025-05-25,2,34.23,51.99,0,5992.63
2025-05-26,2,35.28,61.63,0,6307.18
2025-05-27,2,33.53,68.97,0,6389.13
2025-05-28,2,31.84,67.9,0,6125.71
2025-05-29,2,35.72,59.59,0,6250.65
2025-05-30,2,33.72,67.27,0,6015.8
2025-05-31,2,33.59,58.63,0,6520.19
2025-06-01,2,32.75,68.18,0,5608.4
2025-06-02,2,31.11,60.91,0,6210.5
2025-06-03,2,32.07,67.43,0,5999.68
2025-06-04,2,32.81,64.7,0,6061.29
2025-06-05,2,30.81,59.21,0,5818.49
2025-06-06,2,31.24,59.37,0,5925.67
2025-06-07,2,28.09,63.46,1,6243.57
2025-06-08,2,29.52,67.64,0,5698.97
2025-06-09,2,31.1,63.21,0,5984.05
2025-06-10,2,31.68,68.14,0,6139.33
2025-06-11,2,31.79,68.72,0,5864.04
2025-06-12,2,29.43,74.16,0,5473.26
2025-06-13,2,31.33,68.77,0,5864.68
2025-06-14,2,34.7,57.03,1,6971.9
2025-06-15,2,33.71,65.37,0,6059.54
2025-06-16,2,34.29,61.04,0,6286.94
2025-06-17,2,34.34,66.05,0,6289.87
2025-06-18,2,33.32,63.18,0,6190.88
2025-06-19,2,37.92,56.66,0,6877.09
2025-06-20,2,35.29,72.83,0,6503.46
2025-06-21,2,34.29,60.02,0,6240.34
2025-06-22,2,36.04,66.65,0,6242.98
2025-06-23,2,39.0,60.0,0,6684.78
2025-06-24,2,34.41,66.04,1,7113.65
2025-06-25,2,35.59,64.02,0,6224.54
2025-06-26,2,35.87,63.05,0,6304.29
2025-06-27,2,36.31,55.9,0,6330.74
2025-06-28,2,36.93,62.21,0,6616.64
2025-06-29,2,38.75,49.03,0,6490.52
2025-06-30,2,33.29,56.18,0,5935.11
2025-07-01,2,34.61,60.73,0,6397.27
2025-07-02,2,34.65,58.48,0,6352.33
2025-07-03,2,30.88,58.07,0,5879.54
2025-07-04,2,33.03,59.02,0,6222.61
2025-07-05,2,33.97,55.9,0,6059.52
2025-07-06,2,33.02,51.9,0,5945.77
2025-07-07,2,32.36,57.51,0,6016.13
2025-07-08,2,32.75,64.21,0,6039.95
2025-07-09,2,32.03,63.83,1,6731.2
2025-07-10,2,33.89,65.06,0,6543.78
2025-07-11,2,31.75,61.74,0,5960.17
2025-07-12,2,32.3,53.74,0,5723.15
2025-07-13,2,33.63,56.12,0,6056.79
2025-07-14,2,34.07,62.57,0,6294.41
2025-07-15,2,34.9,53.58,0,6625.59
2025-07-16,2,33.31,54.86,0,6141.18
2025-07-17,2,33.71,58.18,0,6058.47
2025-07-18,2,33.37,64.59,0,6052.91
2025-07-19,2,33.41,56.04,1,6999.81
2025-07-20,2,34.44,58.5,0,5678.96
2025-07-21,2,37.53,50.62,0,6687.77
2025-07-22,2,37.72,59.07,0,6524.42
2025-07-23,2,36.44,56.23,0,6660.52
2025-07-24,2,37.06,55.6,0,6507.99
2025-07-25,2,36.68,51.44,0,6709.21
2025-07-26,2,36.08,41.96,0,6636.57
2025-07-27,2,34.88,48.19,0,6161.19
2025-07-28,2,36.87,57.94,0,6633.53
2025-07-29,2,35.94,68.58,0,6205.16
2025-07-30,2,35.19,63.4,0,6298.68
2025-07-31,2,35.79,61.83,0,6309.39
2025-08-01,2,33.04,57.67,1,6768.46
2025-08-02,2,29.5,59.63,0,5452.44
2025-08-03,2,35.72,57.15,0,6304.21
2025-08-04,2,33.87,59.82,0,6233.7
2025-08-05,2,33.16,60.74,0,6215.18
2025-08-06,2,35.41,55.82,0,6628.21
2025-08-07,2,33.78,58.42,0,6306.83
2025-08-08,2,29.05,69.21,0,5883.53
2025-08-09,2,30.94,52.64,0,5701.58
2025-08-10,2,31.64,60.27,0,5937.81
2025-08-11,2,33.98,62.28,0,6202.69
2025-08-12,2,29.87,60.16,0,5589.9
2025-08-13,2,32.77,55.43,0,6233.8
2025-08-14,2,34.24,60.88,0,6302.75
2025-08-15,2,31.98,48.5,0,6065.96
2025-08-16,2,35.64,64.52,0,6068.93
2025-08-17,2,33.74,60.47,0,6296.43
2025-08-18,2,36.04,54.38,1,7417.43
2025-08-19,2,33.13,57.29,0,6427.28
2025-08-20,2,34.31,45.39,1,6950.11
2025-08-21,2,34.92,56.67,0,6489.17
2025-08-22,2,32.7,56.17,0,5980.76
2025-08-23,2,32.5,62.24,0,5879.77
2025-08-24,2,31.83,62.93,0,5866.44
2025-08-25,2,33.08,52.65,1,6901.71
2025-08-26,2,33.1,61.38,0,6313.57
2025-08-27,2,34.01,54.25,0,6346.49
2025-08-28,2,31.99,51.02,0,5945.91
2025-08-29,2,29.43,58.5,0,5999.05
2025-08-30,2,29.9,53.62,0,5834.05
2025-08-31,2,30.78,57.02,0,5272.11
2025-09-01,2,28.77,60.29,0,5561.99
2025-09-02,2,31.11,65.62,0,5810.52
2025-09-03,2,30.58,69.46,0,6069.78
2025-09-04,2,28.88,62.16,0,5480.96
2025-09-05,2,28.7,63.18,1,6409.15
2025-09-06,2,30.02,63.68,0,5737.23
2025-09-07,2,30.98,73.14,1,6498.26
2025-09-08,2,30.91,64.29,0,5814.59
2025-09-09,2,30.66,56.27,0,5874.55
2025-09-10,2,31.43,56.84,0,5602.03
2025-09-11,2,28.46,55.55,0,5391.5
2025-09-12,2,29.47,57.52,0,5959.52
2025-09-13,2,31.63,59.88,0,5712.63
2025-09-14,2,31.43,62.9,0,5774.05
2025-09-15,2,28.39,63.36,0,5547.24
2025-09-16,2,34.01,53.71,0,6238.29
2025-09-17,2,31.53,59.45,0,6112.04
2025-09-18,2,33.75,58.39,0,6088.49
2025-09-19,2,32.98,55.21,0,6524.5
2025-09-20,2,31.76,49.02,0,6027.42
2025-09-21,2,32.64,60.61,0,5994.82
2025-09-22,2,33.43,63.42,0,6243.29
2025-09-23,2,32.78,57.83,1,7210.67
2025-09-24,2,31.52,64.39,1,6653.47
2025-09-25,2,30.88,68.08,0,5601.47
2025-09-26,2,30.14,70.42,0,5942.04
2025-09-27,2,29.69,52.91,1,6491.31
2025-09-28,2,29.4,60.33,0,5438.19
2025-09-29,2,30.61,64.06,0,5880.74
2025-09-30,2,28.26,68.4,0,5319.85
2025-10-01,2,28.89,65.92,0,5737.86
2025-10-02,2,27.14,68.08,0,5393.01
2025-10-03,2,26.76,74.6,0,5579.34
2025-10-04,2,24.52,65.71,0,4604.95
2025-10-05,2,27.15,62.45,0,5428.82
2025-10-06,2,28.43,70.91,0,5660.55
2025-10-07,2,28.18,72.14,0,5463.27
2025-10-08,2,26.57,67.21,0,5493.1
2025-10-09,2,29.51,66.09,0,5771.21
2025-10-10,2,26.34,67.25,0,5209.1
2025-10-11,2,28.38,70.76,0,5639.58
2025-10-12,2,26.69,66.95,0,5419.86
2025-10-13,2,27.16,72.03,0,5628.32
2025-10-14,2,26.13,76.64,0,5562.17
2025-10-15,2,25.29,62.45,0,5295.57
2025-10-16,2,25.08,72.0,0,5530.37
2025-10-17,2,27.82,65.87,0,5381.16
2025-10-18,2,26.69,64.8,1,5786.26
2025-10-19,2,25.82,70.65,0,5100.42
2025-10-20,2,25.56,63.43,0,5443.56
2025-10-21,2,27.01,74.12,0,5392.77
2025-10-22,2,30.09,64.67,0,5769.47
2025-10-23,2,29.61,71.41,0,5785.37
2025-10-24,2,27.54,60.8,0,5504.97
2025-10-25,2,28.64,71.04,1,6260.95
2025-10-26,2,27.56,62.99,0,5310.45
2025-10-27,2,24.81,63.3,0,5161.99
2025-10-28,2,27.97,63.25,0,5984.72
2025-10-29,2,23.69,59.64,0,4948.72
2025-10-30,2,24.65,65.59,1,5805.6
2025-10-31,2,23.95,71.4,0,5022.94
2025-11-01,2,23.27,62.62,0,4939.23
2025-11-02,2,22.81,68.86,1,5630.82
2025-11-03,2,24.01,76.61,0,5279.7
2025-11-04,2,22.45,72.54,0,5250.0
2025-11-05,2,20.13,74.84,0,5137.05
2025-11-06,2,23.9,66.4,0,5134.92
2025-11-07,2,20.03,71.67,0,4808.02
2025-11-08,2,20.75,67.28,0,4870.94
2025-11-09,2,24.62,74.42,0,5091.57
2025-11-10,2,23.39,66.38,0,4909.62
2025-11-11,2,24.23,76.11,0,5182.03
2025-11-12,2,23.87,56.26,0,5078.54
2025-11-13,2,23.5,74.49,0,4969.73
2025-11-14,2,23.63,71.31,0,5178.8
2025-11-15,2,25.52,64.25,0,5326.08
2025-11-16,2,21.84,73.45,0,4920.23
2025-11-17,2,23.16,70.84,0,4918.54
2025-11-18,2,22.88,65.5,0,5020.33
2025-11-19,2,24.51,68.89,0,5146.84
2025-11-20,2,27.94,75.42,1,6552.3
2025-11-21,2,23.2,63.24,0,5308.66
2025-11-22,2,25.63,68.08,1,6067.01
2025-11-23,2,24.44,69.47,0,5026.86
2025-11-24,2,25.06,65.1,0,5282.92
2025-11-25,2,24.21,76.21,0,4923.01
2025-11-26,2,21.98,78.09,0,5080.15
2025-11-27,2,19.71,84.23,0,5392.84
2025-11-28,2,23.15,75.89,0,5158.21
2025-11-29,2,20.73,88.12,1,5822.1
2025-11-30,2,21.54,69.4,0,4836.99
2025-12-01,2,21.18,80.18,1,6039.25
2025-12-02,2,20.14,75.46,0,5103.75
2025-12-03,2,21.91,74.0,0,5080.11
2025-12-04,2,21.16,78.6,0,5163.62
2025-12-05,2,20.28,72.79,0,5338.1
2025-12-06,2,20.64,70.94,0,4988.46
2025-12-07,2,21.85,65.49,1,5477.65
2025-12-08,2,18.63,75.77,0,5091.62
2025-12-09,2,19.69,74.24,0,5315.94
2025-12-10,2,20.95,80.3,0,5277.98
2025-12-11,2,21.11,70.93,0,5128.38
2025-12-12,2,23.03,84.38,0,5705.93
2025-12-13,2,19.48,82.45,0,4882.4
2025-12-14,2,21.76,75.42,0,5046.99
2025-12-15,2,23.02,75.49,0,5383.48
2025-12-16,2,22.41,79.35,0,5028.99
2025-12-17,2,21.01,73.75,0,5348.14
2025-12-18,2,21.73,83.58,0,5295.03
2025-12-19,2,20.87,85.06,1,6085.85
2025-12-20,2,21.55,72.34,0,5095.38
2025-12-21,2,20.85,92.72,0,4918.28
2025-12-22,2,22.51,83.93,0,5357.42
2025-12-23,2,18.99,75.65,0,4847.11
2025-12-24,2,21.45,66.08,0,5015.13
2025-12-25,2,19.78,80.64,0,5389.24
2025-12-26,2,21.62,83.09,0,5302.68
2025-12-27,2,20.88,78.76,0,4973.65
2025-12-28,2,18.6,81.97,1,5739.91
2025-12-29,2,18.41,74.05,0,5190.23
2025-12-30,2,17.74,84.75,0,5008.59
2025-12-31,2,20.03,76.41,0,5202.52
2025-01-01,3,17.27,83.98,0,4093.7
2025-01-02,3,19.27,68.69,0,3981.61
2025-01-03,3,21.83,87.2,0,3943.96
2025-01-04,3,18.96,81.41,0,3437.58
2025-01-05,3,19.36,84.58,0,3628.83
2025-01-06,3,18.73,79.09,0,3871.8
2025-01-07,3,22.53,83.17,0,3254.87
2025-01-08,3,18.62,88.02,0,3651.77
2025-01-09,3,23.54,83.64,0,3699.14
2025-01-10,3,21.13,80.35,0,3801.75
2025-01-11,3,22.33,84.25,1,4212.87
2025-01-12,3,20.82,67.04,0,3256.15
2025-01-13,3,21.82,79.52,0,4070.52
2025-01-14,3,19.08,80.95,0,3598.37
2025-01-15,3,20.62,72.01,0,3536.81
2025-01-16,3,23.11,78.07,0,3698.44
2025-01-17,3,19.87,77.82,0,3763.37
2025-01-18,3,18.44,81.25,0,3967.67
2025-01-19,3,19.05,89.22,0,3664.27
2025-01-20,3,16.98,80.89,0,4016.52
2025-01-21,3,18.82,88.73,0,4086.8
2025-01-22,3,18.16,94.33,0,3700.8
2025-01-23,3,16.34,95.0,0,3784.06
2025-01-24,3,19.64,84.84,0,3484.43
2025-01-25,3,17.46,80.79,0,3741.6
2025-01-26,3,17.47,86.86,1,4035.78
2025-01-27,3,17.36,83.9,0,3653.79
2025-01-28,3,17.24,88.74,0,3426.57
2025-01-29,3,16.65,91.46,1,4179.26
2025-01-30,3,18.44,82.73,0,3502.28
2025-01-31,3,17.85,84.52,0,3864.11
2025-02-01,3,17.7,85.11,0,3673.59
2025-02-02,3,20.03,81.15,0,3541.41
2025-02-03,3,22.02,79.59,0,3633.42
2025-02-04,3,20.94,79.17,0,3812.9
2025-02-05,3,22.27,87.2,0,3614.94
2025-02-06,3,20.1,81.38,0,3531.73
2025-02-07,3,21.02,78.73,0,3658.73
2025-02-08,3,23.5,80.28,0,3578.75
2025-02-09,3,21.58,80.78,0,3630.5
2025-02-10,3,24.95,74.04,0,3791.95
2025-02-11,3,19.83,85.99,0,3619.73
2025-02-12,3,21.93,71.97,0,3850.57
2025-02-13,3,21.14,75.67,1,4097.65
2025-02-14,3,20.92,85.1,0,3604.26
2025-02-15,3,21.54,85.81,0,3473.31
2025-02-16,3,22.34,76.46,1,3814.23
2025-02-17,3,22.59,76.94,0,3808.66
2025-02-18,3,19.0,80.32,0,3918.83
2025-02-19,3,20.04,82.39,0,3769.76
2025-02-20,3,18.07,79.59,1,4442.53
2025-02-21,3,21.94,84.67,0,3899.23
2025-02-22,3,18.59,82.52,0,3342.6
2025-02-23,3,19.91,83.23,0,3671.46
2025-02-24,3,19.78,85.19,0,3843.25
2025-02-25,3,18.5,85.22,0,3648.72
2025-02-26,3,19.75,79.32,0,3519.68
2025-02-27,3,21.68,86.32,0,4133.23
2025-02-28,3,19.95,95.0,1,4393.74
2025-03-01,3,20.02,84.09,0,3560.09
2025-03-02,3,23.48,80.82,0,3390.95
2025-03-03,3,22.03,80.04,0,3588.62
2025-03-04,3,25.65,76.66,0,3707.9
2025-03-05,3,22.31,83.2,0,3875.73
2025-03-06,3,21.94,82.44,0,3636.37
2025-03-07,3,21.98,74.74,0,3810.39
2025-03-08,3,25.02,78.58,0,3301.74
2025-03-09,3,25.19,79.13,0,3705.14
2025-03-10,3,22.86,72.47,0,3770.27
2025-03-11,3,25.4,71.19,0,3640.02
2025-03-12,3,24.04,72.21,0,3522.18
2025-03-13,3,24.7,72.6,0,3916.33
2025-03-14,3,22.72,78.92,0,3645.31
2025-03-15,3,23.63,85.06,0,3788.56
2025-03-16,3,24.87,76.56,1,4149.04
2025-03-17,3,25.49,75.03,0,3797.59
2025-03-18,3,24.8,73.12,0,3822.51
2025-03-19,3,21.71,86.57,0,3962.57
2025-03-20,3,25.29,78.22,0,3487.02
2025-03-21,3,23.41,76.2,0,3688.24
2025-03-22,3,23.7,71.63,1,4254.85
2025-03-23,3,21.17,85.1,0,3689.13
2025-03-24,3,24.1,82.2,1,4048.6
2025-03-25,3,24.08,74.19,0,3737.07
2025-03-26,3,23.24,80.72,0,3493.2
2025-03-27,3,23.9,79.42,0,3717.79
2025-03-28,3,20.9,85.51,0,3836.21
2025-03-29,3,22.23,87.84,0,3552.68
2025-03-30,3,23.63,73.05,0,3785.33
2025-03-31,3,23.19,80.75,0,3729.89
2025-04-01,3,23.89,74.09,0,3625.03
2025-04-02,3,24.56,75.73,0,3537.75
2025-04-03,3,26.65,65.43,0,3754.69
2025-04-04,3,28.25,78.55,0,4294.28
2025-04-05,3,25.26,81.93,0,3860.43
2025-04-06,3,26.18,70.97,0,3703.57
2025-04-07,3,26.47,78.59,1,4529.36
2025-04-08,3,28.13,74.19,0,4043.14
2025-04-09,3,28.57,84.4,0,4308.35
2025-04-10,3,32.34,73.77,0,4475.73
2025-04-11,3,26.74,73.09,0,4012.12
2025-04-12,3,27.96,74.99,0,3984.33
2025-04-13,3,27.96,70.87,0,3935.3
2025-04-14,3,25.85,74.15,0,3973.78
2025-04-15,3,29.23,74.51,0,4118.3
2025-04-16,3,26.82,73.51,0,3899.67
2025-04-17,3,24.89,74.18,0,3706.89
2025-04-18,3,26.94,76.98,0,3650.96
2025-04-19,3,26.56,78.56,0,3886.49
2025-04-20,3,24.76,74.83,0,3604.03
2025-04-21,3,27.37,69.35,0,3992.83
2025-04-22,3,27.61,69.63,0,3452.43
2025-04-23,3,25.49,72.53,0,3822.31
2025-04-24,3,26.25,63.18,0,3626.14
2025-04-25,3,27.05,67.37,0,3825.44
2025-04-26,3,26.92,74.4,0,3465.46
2025-04-27,3,24.62,72.48,1,3933.72
2025-04-28,3,27.84,71.48,0,3922.67
2025-04-29,3,27.62,74.56,0,3859.69
2025-04-30,3,27.6,74.98,0,3891.94
2025-05-01,3,25.99,71.4,0,3513.27
2025-05-02,3,27.52,67.46,0,4023.66
2025-05-03,3,27.87,71.02,0,3702.79
2025-05-04,3,30.19,74.6,0,4195.57
2025-05-05,3,27.99,65.77,0,4240.7
2025-05-06,3,31.26,69.25,0,3864.87
2025-05-07,3,31.15,67.63,0,4219.47
2025-05-08,3,31.48,73.78,0,4504.26
2025-05-09,3,31.61,68.27,0,4073.34
2025-05-10,3,35.74,67.51,0,4488.58
2025-05-11,3,34.55,70.38,0,4574.65
2025-05-12,3,31.49,69.13,0,4342.04
2025-05-13,3,31.02,69.33,0,4558.25
2025-05-14,3,34.61,66.25,0,4406.92
2025-05-15,3,33.22,65.3,0,4531.71
2025-05-16,3,30.71,68.52,0,4307.25
2025-05-17,3,33.94,69.78,0,4116.49
2025-05-18,3,31.29,63.33,0,4157.7
2025-05-19,3,30.83,61.2,0,3913.89
2025-05-20,3,31.13,78.24,0,3950.79
2025-05-21,3,32.21,71.68,0,4271.41
2025-05-22,3,31.57,70.1,0,4372.71
2025-05-23,3,26.92,69.6,0,3890.33
2025-05-24,3,29.16,73.37,0,4152.08
2025-05-25,3,31.1,72.75,0,4114.43
2025-05-26,3,30.1,66.79,0,3946.71
2025-05-27,3,29.75,69.33,0,4103.59
2025-05-28,3,31.79,71.86,0,4402.09
2025-05-29,3,30.36,74.03,0,3983.5
2025-05-30,3,31.3,74.84,0,4359.88
2025-05-31,3,32.25,60.58,0,3846.1
2025-06-01,3,31.06,71.91,0,4033.88
2025-06-02,3,32.9,63.51,0,4318.05
2025-06-03,3,32.88,68.21,0,4360.45
2025-06-04,3,32.87,56.89,0,4609.19
2025-06-05,3,34.26,57.04,0,4418.01
2025-06-06,3,36.27,61.09,0,4662.79
2025-06-07,3,35.06,56.14,0,4261.82
2025-06-08,3,35.84,58.04,0,4448.56
2025-06-09,3,34.58,64.96,0,4347.57
2025-06-10,3,37.13,66.15,0,4779.75
2025-06-11,3,33.84,57.33,0,4098.77
2025-06-12,3,36.11,60.18,0,4660.4
2025-06-13,3,35.48,57.67,1,5056.83
2025-06-14,3,32.7,62.92,0,4436.04
2025-06-15,3,35.21,55.82,0,4488.09
2025-06-16,3,34.93,65.79,0,4485.99
2025-06-17,3,32.75,53.89,0,4352.07
2025-06-18,3,34.07,55.59,0,4794.0
2025-06-19,3,33.1,62.59,0,4712.4
2025-06-20,3,31.28,65.16,0,4104.34
2025-06-21,3,32.42,69.92,0,4232.44
2025-06-22,3,31.79,76.01,0,4047.32
2025-06-23,3,29.72,71.97,0,4567.85
2025-06-24,3,30.22,71.79,0,4316.78
2025-06-25,3,29.9,71.97,0,4140.57
2025-06-26,3,33.23,58.2,1,4774.65
2025-06-27,3,29.92,68.71,0,3997.08
2025-06-28,3,33.26,60.47,0,4067.82
2025-06-29,3,31.85,68.01,0,4456.12
2025-06-30,3,33.51,56.77,0,4494.59
2025-07-01,3,34.86,66.24,0,4475.65
2025-07-02,3,34.0,54.38,0,4661.11
2025-07-03,3,34.98,53.27,0,4798.52
2025-07-04,3,34.91,56.72,0,4227.38
2025-07-05,3,37.38,56.03,0,4520.6
2025-07-06,3,37.7,58.95,0,4666.17
2025-07-07,3,36.82,59.97,0,4991.15
2025-07-08,3,34.86,59.63,0,4561.79
2025-07-09,3,35.63,60.52,0,4266.32
2025-07-10,3,36.26,52.87,0,4626.69
2025-07-11,3,36.87,60.46,0,4303.13
2025-07-12,3,34.15,69.65,0,4400.27
2025-07-13,3,34.88,59.55,0,4413.16
2025-07-14,3,35.77,56.16,0,4611.11
2025-07-15,3,33.56,62.11,0,4629.4
2025-07-16,3,35.91,57.7,0,4336.4
2025-07-17,3,36.33,53.79,0,4577.99
2025-07-18,3,32.67,54.27,0,4154.6
2025-07-19,3,32.75,56.36,0,4100.16
2025-07-20,3,33.2,62.83,0,4128.04
2025-07-21,3,33.82,62.66,0,4421.96
2025-07-22,3,31.83,56.43,0,4328.35
2025-07-23,3,33.38,60.9,0,4498.44
2025-07-24,3,33.96,63.55,0,4668.53
2025-07-25,3,32.94,62.85,0,4382.31
2025-07-26,3,31.64,64.11,0,3986.61
2025-07-27,3,32.9,57.37,1,4932.48
2025-07-28,3,32.05,57.8,0,4130.17
2025-07-29,3,30.85,64.17,0,4104.53
2025-07-30,3,31.2,65.19,0,4434.19
2025-07-31,3,33.46,55.78,0,4516.32
2025-08-01,3,33.88,56.09,0,4387.27
2025-08-02,3,32.75,61.35,0,4063.66
2025-08-03,3,35.92,58.45,0,4385.25
2025-08-04,3,36.78,60.86,0,4813.11
2025-08-05,3,36.44,54.25,0,4694.31
2025-08-06,3,36.33,61.94,0,4447.29
2025-08-07,3,36.33,56.09,0,4677.43
2025-08-08,3,33.13,54.08,0,4682.42
2025-08-09,3,33.97,56.48,1,5062.47
2025-08-10,3,34.86,55.04,0,4245.5
2025-08-11,3,36.36,48.88,0,4724.65
2025-08-12,3,32.75,53.66,0,4315.6
2025-08-13,3,34.3,54.01,0,4502.33
2025-08-14,3,35.74,43.52,0,4592.06
2025-08-15,3,33.8,60.08,0,4354.04
2025-08-16,3,32.77,57.59,0,4069.77
2025-08-17,3,32.04,59.03,0,4368.76
2025-08-18,3,32.22,63.98,0,4270.65
2025-08-19,3,31.94,57.73,0,4414.1
2025-08-20,3,32.2,60.34,0,4107.3
2025-08-21,3,34.58,56.47,0,4729.34
2025-08-22,3,31.74,62.37,0,4187.23
2025-08-23,3,30.95,53.15,0,4054.47
2025-08-24,3,33.69,58.43,0,4203.78
2025-08-25,3,34.93,61.4,1,5106.06
2025-08-26,3,30.12,53.9,0,4131.48
2025-08-27,3,28.67,56.01,0,3925.6
2025-08-28,3,32.03,53.15,0,4055.15
2025-08-29,3,34.01,49.16,0,4502.03
2025-08-30,3,34.31,59.1,0,4273.9
2025-08-31,3,30.82,57.69,0,3761.95
2025-09-01,3,33.11,52.82,0,4120.45
2025-09-02,3,33.22,55.92,0,4422.63
2025-09-03,3,34.77,53.43,0,4311.78
2025-09-04,3,32.65,57.51,0,4099.92
2025-09-05,3,31.38,48.09,1,4830.02
2025-09-06,3,31.18,53.11,0,3906.63
2025-09-07,3,33.85,61.18,0,3960.95
2025-09-08,3,32.98,50.55,0,4058.47
2025-09-09,3,31.66,54.46,0,4483.58
2025-09-10,3,36.27,53.85,0,4206.06
2025-09-11,3,32.21,57.72,0,4324.22
2025-09-12,3,32.73,60.56,1,4627.15
2025-09-13,3,32.67,59.08,0,4283.55
2025-09-14,3,29.28,54.42,0,3680.23
2025-09-15,3,31.85,61.46,0,4326.88
2025-09-16,3,30.6,66.68,0,4181.15
2025-09-17,3,31.9,60.32,0,4109.3
2025-09-18,3,30.37,67.12,0,4390.05
2025-09-19,3,26.23,63.81,0,3675.58
2025-09-20,3,31.98,59.49,0,4091.42
2025-09-21,3,25.56,60.88,0,3460.23
2025-09-22,3,27.0,70.19,0,4003.41
2025-09-23,3,27.4,62.2,0,3721.65
2025-09-24,3,26.53,61.02,0,3549.49
2025-09-25,3,28.33,63.99,0,3854.42
2025-09-26,3,28.53,64.29,0,4124.94
2025-09-27,3,29.35,63.8,0,3812.6
2025-09-28,3,26.55,60.3,0,3450.7
2025-09-29,3,29.31,68.3,0,4131.57
2025-09-30,3,27.5,62.22,0,4017.45
2025-10-01,3,28.25,68.31,0,3878.52
2025-10-02,3,27.68,65.01,0,3972.78
2025-10-03,3,32.77,67.14,0,4290.88
2025-10-04,3,30.45,57.61,0,4030.64
2025-10-05,3,30.25,65.46,0,3984.19
2025-10-06,3,29.76,70.01,0,4073.28
2025-10-07,3,29.89,63.43,0,3856.71
2025-10-08,3,27.6,59.81,0,3802.06
2025-10-09,3,30.45,61.34,0,3925.51
2025-10-10,3,28.64,66.56,0,3883.21
2025-10-11,3,29.16,74.31,0,3813.16
2025-10-12,3,28.29,64.51,1,4288.06
2025-10-13,3,26.06,60.99,0,3765.73
2025-10-14,3,26.81,64.45,0,4015.13
2025-10-15,3,26.96,67.31,0,3988.67
2025-10-16,3,27.12,69.61,0,4023.06
2025-10-17,3,25.96,67.46,1,4190.4
2025-10-18,3,24.76,68.14,0,3388.93
2025-10-19,3,25.13,66.58,0,3514.38
2025-10-20,3,24.66,66.7,0,3478.43
2025-10-21,3,23.43,55.45,0,3560.09
2025-10-22,3,23.66,73.98,0,3717.23
2025-10-23,3,23.72,73.62,0,3553.19
2025-10-24,3,21.78,67.84,0,4064.1
2025-10-25,3,24.29,64.44,0,3574.34
2025-10-26,3,21.82,72.97,0,3594.1
2025-10-27,3,24.13,71.41,0,3553.91
2025-10-28,3,27.23,64.61,0,3454.96
2025-10-29,3,26.66,74.25,0,4019.11
2025-10-30,3,25.9,64.37,0,3638.51
2025-10-31,3,24.51,74.36,0,3621.18
2025-11-01,3,24.57,65.56,1,3822.9
2025-11-02,3,26.31,71.33,1,4369.53
2025-11-03,3,25.54,67.21,0,3956.8
2025-11-04,3,25.0,70.55,0,3567.55
2025-11-05,3,25.26,75.63,0,3636.8
2025-11-06,3,26.5,67.17,0,3812.35
2025-11-07,3,26.36,66.21,0,3500.09
2025-11-08,3,25.9,78.55,0,3401.59
2025-11-09,3,24.95,76.68,0,3471.59
2025-11-10,3,24.21,67.27,0,3909.28
2025-11-11,3,26.25,70.94,0,3622.07
2025-11-12,3,25.09,62.92,0,3775.26
2025-11-13,3,22.28,66.75,0,3738.26
2025-11-14,3,24.87,73.08,0,3633.63
2025-11-15,3,21.4,70.21,1,4056.09
2025-11-16,3,19.49,70.39,0,3511.28
2025-11-17,3,20.0,85.83,0,3869.81
2025-11-18,3,22.15,70.72,0,4061.74
2025-11-19,3,22.66,76.4,1,4044.81
2025-11-20,3,22.78,68.11,0,3364.06
2025-11-21,3,17.95,77.66,0,3377.62
2025-11-22,3,21.45,84.16,0,3561.47
2025-11-23,3,20.68,78.7,0,3502.36
2025-11-24,3,20.76,75.82,0,3697.34
2025-11-25,3,20.66,81.41,0,3852.05
2025-11-26,3,23.41,70.64,0,3777.67
2025-11-27,3,25.81,64.93,0,3855.08
2025-11-28,3,22.05,83.59,0,3946.68
2025-11-29,3,23.4,76.47,1,4300.33
2025-11-30,3,23.77,75.78,1,4082.24
2025-12-01,3,22.21,77.28,0,3580.89
2025-12-02,3,21.09,71.27,0,3680.83
2025-12-03,3,23.06,76.18,0,3988.87
2025-12-04,3,22.52,72.03,0,3361.39
2025-12-05,3,21.87,79.72,0,3954.7
2025-12-06,3,25.09,70.66,0,3789.91
2025-12-07,3,22.25,79.1,0,3482.86
2025-12-08,3,21.63,77.06,0,3699.43
2025-12-09,3,20.75,70.71,0,4013.85
2025-12-10,3,22.79,72.78,1,4155.43
2025-12-11,3,21.36,71.11,0,3228.24
2025-12-12,3,22.61,72.76,0,4003.22
2025-12-13,3,20.07,73.7,0,3600.73
2025-12-14,3,20.0,69.4,0,3722.51
2025-12-15,3,20.29,79.42,0,3633.49
2025-12-16,3,22.11,74.98,0,3914.03
2025-12-17,3,18.36,75.87,0,3724.03
2025-12-18,3,19.39,88.64,1,3898.21
2025-12-19,3,19.19,78.63,0,3812.95
2025-12-20,3,18.87,78.66,0,3676.9
2025-12-21,3,17.62,75.1,0,3409.38
2025-12-22,3,18.47,71.84,0,3524.27
2025-12-23,3,17.73,85.21,0,3901.59
2025-12-24,3,16.0,90.57,0,4117.42
2025-12-25,3,20.05,81.35,0,3795.87
2025-12-26,3,18.19,80.11,0,3391.8
2025-12-27,3,20.7,77.78,0,3459.37
2025-12-28,3,19.94,74.38,0,3606.45
2025-12-29,3,20.51,77.54,0,3754.51
2025-12-30,3,18.07,75.33,0,3872.85
2025-12-31,3,19.94,76.93,0,3797.25
2025-01-01,4,20.34,68.03,0,5967.97
2025-01-02,4,21.08,77.82,1,6585.84
2025-01-03,4,20.59,73.29,0,6087.16
2025-01-04,4,18.34,73.18,0,5663.75
2025-01-05,4,19.51,89.7,0,5966.47
2025-01-06,4,20.25,83.12,0,5957.48
2025-01-07,4,21.87,70.24,0,5938.41
2025-01-08,4,22.54,72.6,0,5715.4
2025-01-09,4,20.77,79.72,0,5799.06
2025-01-10,4,18.29,81.1,0,5869.29
2025-01-11,4,21.85,78.34,0,5694.79
2025-01-12,4,19.65,80.22,0,6062.98
2025-01-13,4,18.74,84.99,0,5994.48
2025-01-14,4,17.37,88.55,0,6118.78
2025-01-15,4,20.19,86.12,0,5777.49
2025-01-16,4,17.06,77.74,0,5997.18
2025-01-17,4,16.0,82.69,0,5996.6
2025-01-18,4,16.0,86.36,0,5888.1
2025-01-19,4,20.39,84.73,1,6889.94
2025-01-20,4,16.0,79.05,0,5588.82
2025-01-21,4,17.85,77.44,0,5770.55
2025-01-22,4,18.7,82.07,0,6002.89
2025-01-23,4,17.31,81.85,0,6073.17
2025-01-24,4,19.53,93.83,0,6047.77
2025-01-25,4,18.27,83.56,0,5824.29
2025-01-26,4,20.99,77.44,0,5881.95
2025-01-27,4,19.85,79.86,0,5837.44
2025-01-28,4,20.68,77.12,1,7022.31
2025-01-29,4,19.69,84.24,0,5926.72
2025-01-30,4,22.03,81.92,0,5993.7
2025-01-31,4,21.86,81.3,0,5881.04
2025-02-01,4,23.85,73.46,0,5696.16
2025-02-02,4,24.09,74.06,0,5596.39
2025-02-03,4,22.16,73.21,0,5544.59
2025-02-04,4,22.05,77.71,0,6163.5
2025-02-05,4,19.8,85.92,0,6322.16
2025-02-06,4,22.54,74.88,0,6054.69
2025-02-07,4,20.92,80.33,0,5854.63
2025-02-08,4,21.16,85.81,0,5824.59
2025-02-09,4,20.34,73.0,0,5892.28
2025-02-10,4,18.95,84.36,0,6035.39
2025-02-11,4,21.56,74.9,0,5980.31
2025-02-12,4,18.81,90.09,0,6120.16
2025-02-13,4,22.03,73.05,1,6897.68
2025-02-14,4,18.0,85.1,0,6152.53
2025-02-15,4,20.58,83.05,0,5657.9
2025-02-16,4,19.77,82.42,0,5772.32
2025-02-17,4,20.67,82.34,0,6185.55
2025-02-18,4,18.02,80.22,0,6310.21
2025-02-19,4,21.35,82.98,0,6154.23
2025-02-20,4,17.52,87.29,0,6103.71
2025-02-21,4,19.22,85.31,0,5477.46
2025-02-22,4,20.12,85.35,0,5689.32
2025-02-23,4,20.88,81.06,0,5872.88
2025-02-24,4,21.3,86.49,0,5878.72
2025-02-25,4,17.73,81.57,0,5937.52
2025-02-26,4,22.72,80.95,0,5943.11
2025-02-27,4,22.71,82.75,0,5703.51
2025-02-28,4,21.84,85.11,0,6072.9
2025-03-01,4,22.47,84.18,0,5777.6
2025-03-02,4,23.68,85.38,0,5985.72
2025-03-03,4,23.56,79.29,0,5962.6
2025-03-04,4,23.97,73.95,1,6635.58
2025-03-05,4,23.23,80.27,0,5915.38
2025-03-06,4,22.96,77.21,0,5460.91
2025-03-07,4,22.47,93.98,0,5902.26
2025-03-08,4,23.72,79.7,0,6138.31
2025-03-09,4,24.17,76.3,1,6577.05
2025-03-10,4,21.98,71.82,0,5763.05
2025-03-11,4,21.54,82.5,0,5444.03
2025-03-12,4,21.46,78.6,0,6252.34
2025-03-13,4,21.79,85.08,0,6023.19
2025-03-14,4,21.23,80.78,0,6027.09
2025-03-15,4,21.83,75.86,0,5854.08
2025-03-16,4,21.34,81.65,1,6567.44
2025-03-17,4,21.93,77.34,0,5677.12
2025-03-18,4,21.26,83.74,0,6474.29
2025-03-19,4,23.0,86.08,0,6372.89
2025-03-20,4,20.74,68.41,0,5998.58
2025-03-21,4,22.21,81.44,0,6071.23
2025-03-22,4,23.35,74.46,0,6057.27
2025-03-23,4,22.68,76.5,0,5666.26
2025-03-24,4,21.92,73.72,0,5905.86
2025-03-25,4,22.51,85.17,0,6080.48
2025-03-26,4,22.76,78.79,0,6110.65
2025-03-27,4,24.16,83.68,0,6184.99
2025-03-28,4,24.11,69.21,0,6049.84
2025-03-29,4,26.09,78.84,0,5928.76
2025-03-30,4,26.52,78.47,0,6327.1
2025-03-31,4,24.94,74.54,0,6226.79
2025-04-01,4,26.05,78.0,1,6648.14
2025-04-02,4,25.59,76.59,0,6216.16
2025-04-03,4,28.68,72.85,0,6601.96
2025-04-04,4,26.8,75.01,0,6720.52
2025-04-05,4,24.21,75.72,0,5664.77
2025-04-06,4,28.61,78.36,0,6350.39
2025-04-07,4,27.13,74.8,0,6324.54
2025-04-08,4,27.52,78.73,0,6250.65
2025-04-09,4,24.54,81.45,0,6165.25
2025-04-10,4,24.77,85.79,0,6169.29
2025-04-11,4,27.72,69.63,0,6426.54
2025-04-12,4,30.28,74.07,0,6799.3
2025-04-13,4,26.56,70.32,0,5798.68
2025-04-14,4,28.07,75.05,0,6813.82
2025-04-15,4,25.18,79.4,0,6270.58
2025-04-16,4,24.35,70.14,0,5965.18
2025-04-17,4,24.99,82.23,0,6196.67
2025-04-18,4,25.59,67.77,0,6104.68
2025-04-19,4,28.36,76.28,0,5791.07
2025-04-20,4,26.78,73.99,0,5969.32
2025-04-21,4,26.5,78.82,0,6232.47
2025-04-22,4,26.36,77.31,0,6454.85
2025-04-23,4,26.06,68.08,0,6058.01
2025-04-24,4,26.35,74.08,0,6182.41
2025-04-25,4,27.59,73.17,0,5982.28
2025-04-26,4,30.74,70.17,0,6364.62
2025-04-27,4,27.96,69.53,0,6139.63
2025-04-28,4,30.17,67.88,0,6655.65
2025-04-29,4,31.37,60.67,0,6483.01
2025-04-30,4,28.48,68.13,0,6350.59
2025-05-01,4,27.56,67.68,0,6431.86
2025-05-02,4,30.95,65.11,0,6574.75
2025-05-03,4,30.87,74.42,0,6776.75
2025-05-04,4,30.05,70.7,1,7391.75
2025-05-05,4,34.02,58.68,0,7396.02
2025-05-06,4,29.12,67.84,0,6523.31
2025-05-07,4,28.87,74.11,0,6672.55
2025-05-08,4,29.75,70.79,0,6609.41
2025-05-09,4,33.79,67.69,0,7203.08
2025-05-10,4,28.66,64.95,0,6221.86
2025-05-11,4,31.61,71.51,0,6540.13
2025-05-12,4,29.29,71.61,0,6565.95
2025-05-13,4,30.41,67.54,0,7016.49
2025-05-14,4,29.32,75.88,0,6391.32
2025-05-15,4,27.83,66.82,0,6372.91
2025-05-16,4,30.1,75.45,0,6672.74
2025-05-17,4,26.25,72.29,0,6080.34
2025-05-18,4,32.11,73.63,0,6646.97
2025-05-19,4,28.52,69.53,0,6590.33
2025-05-20,4,29.89,63.42,0,6660.45
2025-05-21,4,27.19,70.5,0,6511.0
2025-05-22,4,29.44,73.09,0,6411.86
2025-05-23,4,28.29,75.31,0,6574.99
2025-05-24,4,32.77,71.5,0,6725.42
2025-05-25,4,33.55,68.19,0,6843.82
2025-05-26,4,31.95,58.23,1,7639.62
2025-05-27,4,32.59,63.38,0,6857.62
2025-05-28,4,32.31,75.53,0,7105.64
2025-05-29,4,32.94,69.71,0,6927.77
2025-05-30,4,33.26,56.01,0,7453.42
2025-05-31,4,33.82,53.96,0,6812.27
2025-06-01,4,33.06,68.17,1,7713.29
2025-06-02,4,33.28,65.38,0,6888.18
2025-06-03,4,33.85,65.9,0,6911.59
2025-06-04,4,35.74,48.97,0,7293.58
2025-06-05,4,34.53,66.26,0,7129.65
2025-06-06,4,35.04,63.93,0,7655.84
2025-06-07,4,32.03,67.18,0,6809.89
2025-06-08,4,33.13,68.28,0,6899.73
2025-06-09,4,32.76,60.91,0,7212.06
2025-06-10,4,32.78,68.07,0,6884.26
2025-06-11,4,32.6,62.69,0,7073.88
2025-06-12,4,32.99,55.82,0,7124.63
2025-06-13,4,31.25,66.48,0,6604.93
2025-06-14,4,30.18,74.02,1,7399.83
2025-06-15,4,30.67,62.62,0,6725.43
2025-06-16,4,30.77,70.45,0,6615.28
2025-06-17,4,31.21,51.42,0,6786.24
2025-06-18,4,32.99,53.66,0,7195.61
2025-06-19,4,33.69,62.19,0,6874.18
2025-06-20,4,33.11,58.92,0,6861.62
2025-06-21,4,32.36,59.1,0,6461.82
2025-06-22,4,29.68,71.98,0,6313.42
2025-06-23,4,31.55,63.6,0,6937.43
2025-06-24,4,33.62,67.43,0,7156.3
2025-06-25,4,33.81,60.34,0,7168.34
2025-06-26,4,34.3,55.98,1,7943.87
2025-06-27,4,34.36,59.6,0,6845.67
2025-06-28,4,36.29,56.14,0,7212.85
2025-06-29,4,35.32,69.72,0,7433.1
2025-06-30,4,35.73,61.82,0,7558.28
2025-07-01,4,34.93,55.31,0,7320.45
2025-07-02,4,35.73,63.09,1,8130.48
2025-07-03,4,35.08,52.74,0,7376.33
2025-07-04,4,36.76,51.86,0,7632.3
2025-07-05,4,35.64,64.68,1,7944.81
2025-07-06,4,34.4,55.75,0,7241.27
2025-07-07,4,35.41,59.47,0,7525.08
2025-07-08,4,34.78,58.37,0,7249.36
2025-07-09,4,34.65,59.73,0,7563.43
2025-07-10,4,35.45,63.0,0,7243.09
2025-07-11,4,35.18,59.95,0,7276.75
2025-07-12,4,33.79,57.5,1,7961.77
2025-07-13,4,35.5,60.0,0,7028.47
2025-07-14,4,33.3,60.32,0,6993.75
2025-07-15,4,32.58,62.77,0,6893.4
2025-07-16,4,33.51,59.02,0,7031.16
2025-07-17,4,34.25,50.89,0,7500.09
2025-07-18,4,31.63,61.19,0,7167.87
2025-07-19,4,32.62,60.6,0,6942.26
2025-07-20,4,31.62,57.8,0,6581.31
2025-07-21,4,30.06,61.86,0,6962.29
2025-07-22,4,33.52,54.94,0,6780.4
2025-07-23,4,32.02,65.6,0,7061.86
2025-07-24,4,33.76,56.98,0,7523.29
2025-07-25,4,33.98,69.49,0,6903.2
2025-07-26,4,33.67,55.74,1,7849.24
2025-07-27,4,39.0,49.63,0,7764.7
2025-07-28,4,35.26,58.32,0,7366.5
2025-07-29,4,36.25,58.6,0,7730.88
2025-07-30,4,37.07,56.65,0,7474.81
2025-07-31,4,35.6,58.59,0,7224.01
2025-08-01,4,34.33,49.98,0,6962.1
2025-08-02,4,34.59,56.01,0,7149.33
2025-08-03,4,36.95,53.42,0,7484.21
2025-08-04,4,34.75,53.85,0,7441.37
2025-08-05,4,36.36,61.14,0,7735.17
2025-08-06,4,35.77,61.96,0,7423.49
2025-08-07,4,34.48,59.67,0,7403.73
2025-08-08,4,32.25,56.75,0,6845.16
2025-08-09,4,33.72,53.91,0,6836.25
2025-08-10,4,33.37,62.79,0,7064.77
2025-08-11,4,34.36,63.05,0,7814.94
2025-08-12,4,34.28,59.42,0,7204.57
2025-08-13,4,34.44,66.19,0,7393.74
2025-08-14,4,30.38,63.1,0,6446.83
2025-08-15,4,32.22,61.87,0,7044.01
2025-08-16,4,32.45,54.13,0,6533.48
2025-08-17,4,28.8,65.47,0,6491.0
2025-08-18,4,33.13,55.4,1,7854.28
2025-08-19,4,29.05,62.16,0,6462.91
2025-08-20,4,34.52,49.8,0,7074.1
2025-08-21,4,33.2,59.89,0,6912.44
2025-08-22,4,31.09,64.6,0,6894.44
2025-08-23,4,31.17,61.59,0,6657.33
2025-08-24,4,34.77,53.49,1,8117.57
2025-08-25,4,33.57,54.25,0,7308.72
2025-08-26,4,34.97,64.59,0,7336.75
2025-08-27,4,33.12,65.16,0,6897.17
2025-08-28,4,32.33,61.46,0,6964.74
2025-08-29,4,35.44,60.47,0,7026.31
2025-08-30,4,34.39,60.94,0,6939.65
2025-08-31,4,32.88,58.71,0,7225.55
2025-09-01,4,32.86,61.26,0,7108.84
2025-09-02,4,34.42,58.98,1,8340.72
2025-09-03,4,32.16,63.15,0,7005.62
2025-09-04,4,34.95,58.04,0,7332.32
2025-09-05,4,30.18,60.28,1,7377.99
2025-09-06,4,34.61,59.9,0,6985.53
2025-09-07,4,32.57,63.89,0,6786.3
2025-09-08,4,31.68,63.96,0,6875.92
2025-09-09,4,30.6,59.78,0,6771.49
2025-09-10,4,33.43,56.74,0,7472.68
2025-09-11,4,29.51,70.4,0,6969.09
2025-09-12,4,30.92,61.83,0,6676.25
2025-09-13,4,29.62,65.79,0,6388.7
2025-09-14,4,28.87,66.87,0,6236.45
2025-09-15,4,28.06,64.44,0,6622.76
2025-09-16,4,27.09,61.99,0,6242.96
2025-09-17,4,31.02,53.29,0,6686.79
2025-09-18,4,27.62,64.43,0,6438.5
2025-09-19,4,30.5,52.07,0,6678.26
2025-09-20,4,30.02,54.67,0,6534.12
2025-09-21,4,30.8,52.82,1,7298.13
2025-09-22,4,30.12,65.2,0,6589.99
2025-09-23,4,30.96,67.54,0,6924.54
2025-09-24,4,31.26,59.27,1,7902.85
2025-09-25,4,28.48,61.81,0,6601.32
2025-09-26,4,29.51,58.57,0,6786.77
2025-09-27,4,33.77,51.32,0,6783.95
2025-09-28,4,32.12,55.46,0,6659.11
2025-09-29,4,30.65,62.93,1,7652.99
2025-09-30,4,28.88,66.35,0,6744.42
2025-10-01,4,29.66,54.17,0,6859.63
2025-10-02,4,30.71,60.47,0,7079.15
2025-10-03,4,28.8,59.34,0,6180.22
2025-10-04,4,31.71,63.98,0,6813.0
2025-10-05,4,29.32,57.41,0,6226.28
2025-10-06,4,29.79,66.48,0,6722.14
2025-10-07,4,29.93,60.93,0,6747.1
2025-10-08,4,27.6,65.59,0,6204.79
2025-10-09,4,28.52,68.06,0,6624.47
2025-10-10,4,26.39,65.39,0,6350.78
2025-10-11,4,27.78,73.89,1,6996.65
2025-10-12,4,25.23,65.08,0,5833.99
2025-10-13,4,25.1,70.45,0,5969.41
2025-10-14,4,26.37,69.28,0,6145.13
2025-10-15,4,22.19,63.44,0,5905.08
2025-10-16,4,23.81,65.19,0,5924.17
2025-10-17,4,25.64,68.49,0,5856.27
2025-10-18,4,24.17,65.64,0,5752.86
2025-10-19,4,27.1,69.63,0,6273.88
2025-10-20,4,26.12,62.37,0,6139.3
2025-10-21,4,23.43,70.79,1,6797.67
2025-10-22,4,25.57,63.41,0,6088.45
2025-10-23,4,26.09,68.5,0,6031.76
2025-10-24,4,23.02,71.95,0,5972.05
2025-10-25,4,26.87,69.34,0,6108.67
2025-10-26,4,28.9,73.48,0,6478.8
2025-10-27,4,25.33,71.28,1,7117.4
2025-10-28,4,25.98,66.45,0,6206.0
2025-10-29,4,27.61,63.29,0,6655.45
2025-10-30,4,30.4,66.45,0,6597.09
2025-10-31,4,27.54,73.17,1,7295.86
2025-11-01,4,26.93,71.35,0,5863.62
2025-11-02,4,27.28,72.49,0,6273.15
2025-11-03,4,25.43,64.13,0,6149.92
2025-11-04,4,26.41,75.25,0,6189.61
2025-11-05,4,25.52,65.7,1,6962.83
2025-11-06,4,23.44,70.52,0,6106.36
2025-11-07,4,24.89,71.52,0,6028.18
2025-11-08,4,22.84,72.31,0,6076.81
2025-11-09,4,25.24,72.35,0,5918.22
2025-11-10,4,21.13,71.3,0,5986.03
2025-11-11,4,23.14,75.6,0,5856.27
2025-11-12,4,24.15,74.21,1,6868.0
2025-11-13,4,21.67,72.48,0,6410.79
2025-11-14,4,21.85,75.62,0,5892.39
2025-11-15,4,23.16,73.46,0,5957.99
2025-11-16,4,18.88,78.14,0,5460.78
2025-11-17,4,23.51,57.56,0,5893.47
2025-11-18,4,18.17,77.77,0,6062.79
2025-11-19,4,22.43,70.41,0,6063.04
2025-11-20,4,24.26,76.86,0,5751.24
2025-11-21,4,20.87,65.91,0,5973.56
2025-11-22,4,20.31,78.3,0,5723.26
2025-11-23,4,22.35,63.26,0,5716.96
2025-11-24,4,23.09,74.46,0,5923.87
2025-11-25,4,23.5,77.4,0,6052.16
2025-11-26,4,23.04,69.61,0,5832.91
2025-11-27,4,24.0,72.4,0,5896.12
2025-11-28,4,22.83,65.02,0,5937.94
2025-11-29,4,24.75,69.27,0,5779.99
2025-11-30,4,22.28,68.93,0,6023.65
2025-12-01,4,25.29,74.76,0,6468.85
2025-12-02,4,22.67,72.5,0,6075.14
2025-12-03,4,25.97,72.74,0,6104.49
2025-12-04,4,19.96,74.73,0,6082.33
2025-12-05,4,22.19,69.6,0,6115.91
2025-12-06,4,22.33,75.41,0,5956.33
2025-12-07,4,16.9,80.69,0,5571.05
2025-12-08,4,20.49,76.16,1,7072.97
2025-12-09,4,21.04,76.67,0,5993.57
2025-12-10,4,24.41,74.25,0,5717.39
2025-12-11,4,18.83,83.54,0,5657.37
2025-12-12,4,19.31,84.41,0,5992.29
2025-12-13,4,16.41,82.11,0,5533.79
2025-12-14,4,20.42,80.78,0,5949.04
2025-12-15,4,19.64,80.26,0,5692.51
2025-12-16,4,16.6,76.37,0,6058.73
2025-12-17,4,19.22,83.79,0,5891.29
2025-12-18,4,19.23,74.07,1,6928.59
2025-12-19,4,16.0,92.89,0,6014.16
2025-12-20,4,22.04,74.69,0,5708.13
2025-12-21,4,21.94,76.08,0,6023.75
2025-12-22,4,20.76,77.33,0,6454.06
2025-12-23,4,20.72,78.33,0,6241.12
2025-12-24,4,19.75,77.18,0,5783.1
2025-12-25,4,20.16,78.09,0,6100.06
2025-12-26,4,19.87,75.06,0,6182.2
2025-12-27,4,21.39,75.45,0,5623.83
2025-12-28,4,22.05,88.64,0,5768.63
2025-12-29,4,22.15,74.95,0,6105.04
2025-12-30,4,23.14,75.11,0,5807.11
2025-12-31,4,21.29,75.34,0,6322.73
2025-01-01,5,19.48,83.46,1,5604.02
2025-01-02,5,17.65,83.27,1,5484.63
2025-01-03,5,16.03,83.12,0,4512.17
2025-01-04,5,18.54,85.43,0,4620.58
2025-01-05,5,17.1,76.24,0,4653.94
2025-01-06,5,16.81,81.21,0,5004.19
2025-01-07,5,17.05,81.83,0,4737.68
2025-01-08,5,17.97,81.35,0,5097.74
2025-01-09,5,19.68,85.02,0,4970.75
2025-01-10,5,18.94,85.9,0,4992.08
2025-01-11,5,17.31,77.95,0,4772.2
2025-01-12,5,19.69,86.15,0,4913.38
2025-01-13,5,21.77,73.8,0,4694.75
2025-01-14,5,21.1,76.54,0,4749.1
2025-01-15,5,22.58,80.85,0,4867.34
2025-01-16,5,24.4,78.15,0,4623.46
2025-01-17,5,22.71,76.09,0,5028.18
2025-01-18,5,22.9,84.2,0,4673.35
2025-01-19,5,21.24,83.77,0,4745.48
2025-01-20,5,24.05,82.31,0,5001.88
2025-01-21,5,23.57,88.25,0,4899.84
2025-01-22,5,20.7,83.36,0,4934.28
2025-01-23,5,21.4,80.28,0,4802.46
2025-01-24,5,20.66,89.23,0,4912.82
2025-01-25,5,18.94,85.58,0,4986.67
2025-01-26,5,20.09,84.07,0,4777.31
2025-01-27,5,19.89,81.69,0,4924.73
2025-01-28,5,18.7,81.14,0,5326.96
2025-01-29,5,17.12,77.3,0,4789.87
2025-01-30,5,19.79,84.61,1,5662.21
2025-01-31,5,17.35,82.31,0,4563.58
2025-02-01,5,16.55,78.58,0,4683.14
2025-02-02,5,18.96,73.23,1,5415.68
2025-02-03,5,16.0,90.82,0,5068.9
2025-02-04,5,16.95,89.27,0,4495.66
2025-02-05,5,19.33,73.24,0,4739.48
2025-02-06,5,18.78,78.18,0,4555.6
2025-02-07,5,20.64,79.34,0,5112.75
2025-02-08,5,19.17,92.07,0,4603.92
2025-02-09,5,19.54,82.89,0,4753.02
2025-02-10,5,20.33,80.73,0,5071.89
2025-02-11,5,20.53,79.64,0,4728.78
2025-02-12,5,18.98,79.05,0,4786.65
2025-02-13,5,22.34,67.92,0,4705.87
2025-02-14,5,21.04,82.22,0,4467.09
2025-02-15,5,23.32,80.84,0,4484.58
2025-02-16,5,20.22,83.09,1,5413.16
2025-02-17,5,20.52,82.89,0,5010.61
2025-02-18,5,23.42,64.69,0,4531.41
2025-02-19,5,20.6,80.8,0,4543.21
2025-02-20,5,23.53,83.38,1,5403.07
2025-02-21,5,21.06,86.56,0,5076.39
2025-02-22,5,22.02,80.23,0,4627.9
2025-02-23,5,22.89,73.39,0,4615.7
2025-02-24,5,20.86,85.87,0,4942.01
2025-02-25,5,23.75,86.64,0,4831.55
2025-02-26,5,20.3,80.51,0,4691.64
2025-02-27,5,21.97,91.44,0,4682.47
2025-02-28,5,18.77,87.05,0,5047.29
2025-03-01,5,19.69,86.62,0,4574.29
2025-03-02,5,19.72,76.46,0,4607.55
2025-03-03,5,21.1,78.72,0,4781.0
2025-03-04,5,21.72,78.32,0,4848.01
2025-03-05,5,20.94,89.71,0,5027.18
2025-03-06,5,21.39,75.38,0,4601.6
2025-03-07,5,18.73,87.1,0,4904.83
2025-03-08,5,17.26,94.48,0,5139.02
2025-03-09,5,19.22,78.65,0,4708.35
2025-03-10,5,20.12,76.65,1,5647.19
2025-03-11,5,23.11,88.81,0,4944.03
2025-03-12,5,20.78,79.79,0,4916.2
2025-03-13,5,24.49,83.61,0,5092.13
2025-03-14,5,23.48,77.76,0,4715.73
2025-03-15,5,26.43,78.67,0,4840.08
2025-03-16,5,27.83,82.58,0,5009.1
2025-03-17,5,24.47,79.27,0,4954.52
2025-03-18,5,27.1,69.96,0,4977.15
2025-03-19,5,24.68,88.29,0,5138.98
2025-03-20,5,25.07,76.53,0,5054.81
2025-03-21,5,26.2,83.5,0,5057.37
2025-03-22,5,25.74,81.82,0,4976.72
2025-03-23,5,25.4,72.28,0,4709.27
2025-03-24,5,27.32,84.46,0,5556.39
2025-03-25,5,25.05,82.5,0,4867.61
2025-03-26,5,23.93,68.21,0,4625.86
2025-03-27,5,23.51,72.88,0,5096.18
2025-03-28,5,27.31,67.56,0,4881.23
2025-03-29,5,25.52,78.59,0,4809.55
2025-03-30,5,23.25,86.87,0,4831.53
2025-03-31,5,20.01,80.83,0,5081.47
2025-04-01,5,21.03,78.76,0,5134.34
2025-04-02,5,23.9,74.27,0,4321.19
2025-04-03,5,22.05,79.61,0,4483.88
2025-04-04,5,23.13,83.6,0,4906.57
2025-04-05,5,23.92,86.45,0,4677.36
2025-04-06,5,25.28,70.16,0,4801.58
2025-04-07,5,24.09,75.33,0,4961.27
2025-04-08,5,25.56,72.68,0,5202.61
2025-04-09,5,24.05,78.2,0,4816.79
2025-04-10,5,23.41,84.94,0,5061.31
2025-04-11,5,25.32,73.24,0,5094.08
2025-04-12,5,26.99,78.84,0,4945.27
2025-04-13,5,26.26,80.01,0,5151.33
2025-04-14,5,27.22,74.79,0,5122.13
2025-04-15,5,27.68,74.11,0,5038.73
2025-04-16,5,28.29,73.76,0,5199.13
2025-04-17,5,31.31,70.57,0,5463.03
2025-04-18,5,27.18,69.18,0,5273.81
2025-04-19,5,29.14,70.37,0,5374.29
2025-04-20,5,31.03,67.02,0,5583.69
2025-04-21,5,29.62,70.91,0,5508.55
2025-04-22,5,28.42,74.15,0,5024.26
2025-04-23,5,29.11,66.86,0,5142.6
2025-04-24,5,29.58,70.37,0,5328.55
2025-04-25,5,27.09,75.9,0,5100.13
2025-04-26,5,28.17,74.71,1,5829.64
2025-04-27,5,32.54,68.84,0,5557.74
2025-04-28,5,30.26,75.94,0,5534.19
2025-04-29,5,31.35,73.26,0,5570.34
2025-04-30,5,25.78,80.38,0,5033.1
2025-05-01,5,26.24,71.03,0,5010.52
2025-05-02,5,26.6,67.66,0,4775.66
2025-05-03,5,27.56,77.46,0,5277.32
2025-05-04,5,26.48,72.06,0,5022.64
2025-05-05,5,30.59,61.25,0,5606.33
2025-05-06,5,25.87,76.32,0,5011.5
2025-05-07,5,28.98,79.85,0,5325.54
2025-05-08,5,27.84,67.19,0,4874.58
2025-05-09,5,28.66,71.58,0,5288.91
2025-05-10,5,33.07,67.03,0,5645.9
2025-05-11,5,30.3,76.8,1,5919.84
2025-05-12,5,27.96,63.14,0,5184.6
2025-05-13,5,29.03,76.6,0,5272.56
2025-05-14,5,30.22,72.43,1,5924.13
2025-05-15,5,33.48,68.53,0,5811.9
2025-05-16,5,32.19,69.52,0,5948.13
2025-05-17,5,31.66,75.66,0,5537.15
2025-05-18,5,33.72,71.95,0,5762.07
2025-05-19,5,35.42,63.53,0,5768.81
2025-05-20,5,32.41,75.52,0,5477.09
2025-05-21,5,35.14,67.92,0,5777.55
2025-05-22,5,32.98,63.0,0,5299.53
2025-05-23,5,33.61,67.32,0,5630.42
2025-05-24,5,31.19,71.04,0,5401.06
2025-05-25,5,35.1,71.77,0,5609.57
2025-05-26,5,32.52,65.81,0,5649.66
2025-05-27,5,31.64,76.27,0,5786.21
2025-05-28,5,29.61,62.96,0,5478.02
2025-05-29,5,29.8,67.96,0,5292.91
2025-05-30,5,32.1,63.82,0,5329.08
2025-05-31,5,29.87,76.34,0,5039.38
2025-06-01,5,30.24,59.16,0,5411.51
2025-06-02,5,30.46,76.32,0,5452.74
2025-06-03,5,31.61,52.52,0,5475.02
2025-06-04,5,32.93,69.6,0,5875.7
2025-06-05,5,30.69,61.81,0,5354.76
2025-06-06,5,33.48,65.82,0,5839.72
2025-06-07,5,33.2,68.13,0,5597.07
2025-06-08,5,32.29,70.97,0,5425.5
2025-06-09,5,34.89,70.82,0,5776.67
2025-06-10,5,34.97,66.53,0,5774.53
2025-06-11,5,33.84,63.15,0,5730.23
2025-06-12,5,34.18,61.01,0,5973.79
2025-06-13,5,35.58,60.34,1,6595.82
2025-06-14,5,32.87,67.0,0,5913.02
2025-06-15,5,36.95,64.02,0,5868.27
2025-06-16,5,33.75,54.05,0,5690.69
2025-06-17,5,32.39,60.93,1,6223.84
2025-06-18,5,34.5,60.25,0,5893.62
2025-06-19,5,34.66,61.38,0,5652.02
2025-06-20,5,34.31,66.93,0,5573.16
2025-06-21,5,35.18,61.7,0,5655.48
2025-06-22,5,36.26,62.45,0,5995.46
2025-06-23,5,36.82,73.66,0,6104.77
2025-06-24,5,35.85,57.48,0,5793.44
2025-06-25,5,34.73,57.75,0,5871.77
2025-06-26,5,33.64,52.08,0,5482.83
2025-06-27,5,32.28,64.71,0,5744.45
2025-06-28,5,34.27,66.4,1,6320.67
2025-06-29,5,34.49,65.37,0,5825.8
2025-06-30,5,29.45,62.99,0,5478.19
2025-07-01,5,34.79,53.09,0,5593.41
2025-07-02,5,30.91,61.98,0,5136.17
2025-07-03,5,33.42,64.57,0,5589.09
2025-07-04,5,32.52,61.59,0,5067.75
2025-07-05,5,31.39,62.53,0,5237.77
2025-07-06,5,32.76,58.08,0,5535.36
2025-07-07,5,32.89,58.92,0,5613.32
2025-07-08,5,31.11,64.73,0,5663.93
2025-07-09,5,34.73,65.46,0,5736.49
2025-07-10,5,32.55,57.63,0,5849.2
2025-07-11,5,33.07,58.39,1,6439.07
2025-07-12,5,32.59,52.94,0,5055.05
2025-07-13,5,34.78,60.03,0,5599.3
2025-07-14,5,35.2,63.05,0,5730.56
2025-07-15,5,36.02,60.04,0,6070.36
2025-07-16,5,37.85,53.62,0,6069.87
2025-07-17,5,36.06,52.89,0,6092.31
2025-07-18,5,35.87,61.21,0,6043.46
2025-07-19,5,34.37,58.32,0,5695.92
2025-07-20,5,35.24,45.82,0,5660.19
2025-07-21,5,36.01,66.09,1,6651.42
2025-07-22,5,35.61,63.42,0,5862.69
2025-07-23,5,33.8,66.28,0,5590.82
2025-07-24,5,34.81,60.91,0,5712.16
2025-07-25,5,33.66,60.85,0,5612.48
2025-07-26,5,32.31,60.49,0,5321.24
2025-07-27,5,34.07,62.46,0,5654.63
2025-07-28,5,33.09,56.56,0,5530.29
2025-07-29,5,33.13,55.37,0,5466.96
2025-07-30,5,30.5,65.32,0,5229.67
2025-07-31,5,31.07,62.84,0,5363.23
2025-08-01,5,32.16,65.22,0,5900.11
2025-08-02,5,35.81,43.54,0,5600.36
2025-08-03,5,32.03,57.76,1,6031.0
2025-08-04,5,31.2,59.56,0,5235.93
2025-08-05,5,30.32,71.0,0,5384.47
2025-08-06,5,32.28,62.26,0,5661.59
2025-08-07,5,30.97,53.54,0,5378.24
2025-08-08,5,30.99,64.51,0,5696.66
2025-08-09,5,36.27,55.17,0,5554.06
2025-08-10,5,34.91,54.9,0,5588.64
2025-08-11,5,33.7,56.64,0,5558.22
2025-08-12,5,37.07,49.08,0,5853.35
2025-08-13,5,34.88,54.86,0,5961.94
2025-08-14,5,37.17,61.52,0,6079.86
2025-08-15,5,34.1,52.89,0,5660.73
2025-08-16,5,35.59,47.14,0,5981.66
2025-08-17,5,36.78,52.86,0,5910.6
2025-08-18,5,31.85,65.01,1,6544.93
2025-08-19,5,32.49,63.56,0,5519.3
2025-08-20,5,32.72,61.75,0,5923.9
2025-08-21,5,35.72,53.54,0,5656.35
2025-08-22,5,35.99,52.4,0,6024.15
2025-08-23,5,33.97,56.26,0,5544.59
2025-08-24,5,32.54,62.34,0,5261.1
2025-08-25,5,33.44,57.86,0,5593.17
2025-08-26,5,30.46,69.08,0,5568.52
2025-08-27,5,31.18,58.36,0,5385.56
2025-08-28,5,30.45,69.77,0,5732.84
2025-08-29,5,29.04,64.06,0,5241.02
2025-08-30,5,30.36,54.65,0,5048.65
2025-08-31,5,30.39,54.29,0,5398.7
2025-09-01,5,30.36,54.73,0,5301.23
2025-09-02,5,28.8,52.87,0,4950.09
2025-09-03,5,29.5,64.88,0,5346.14
2025-09-04,5,29.46,61.54,0,5214.96
2025-09-05,5,31.17,52.12,0,5362.69
2025-09-06,5,32.31,58.49,0,5503.48
2025-09-07,5,30.45,65.98,0,5344.74
2025-09-08,5,30.8,62.03,0,5421.31
2025-09-09,5,30.11,62.06,1,5946.61
2025-09-10,5,31.8,60.25,0,5489.71
2025-09-11,5,30.71,72.16,0,5509.86
2025-09-12,5,33.95,48.13,0,5655.95
2025-09-13,5,30.52,59.45,0,5370.44
2025-09-14,5,30.93,62.36,1,6008.45
2025-09-15,5,31.8,66.66,1,6545.27
2025-09-16,5,31.34,63.84,0,5408.08
2025-09-17,5,33.17,57.29,0,5099.29
2025-09-18,5,33.84,64.49,0,5662.42
2025-09-19,5,34.39,57.88,0,5696.68
2025-09-20,5,31.39,55.23,0,5695.61
2025-09-21,5,31.62,60.08,1,6293.86
2025-09-22,5,30.59,59.51,0,5287.5
2025-09-23,5,30.2,54.09,0,5335.3
2025-09-24,5,31.12,59.66,0,5228.02
2025-09-25,5,30.08,57.12,0,5341.88
2025-09-26,5,28.72,54.05,0,5349.21
2025-09-27,5,27.6,62.36,1,5591.17
2025-09-28,5,26.31,64.32,0,4596.32
2025-09-29,5,26.92,57.2,0,5010.09
2025-09-30,5,26.02,65.31,0,4753.08
2025-10-01,5,25.01,60.34,0,4703.44
2025-10-02,5,27.62,59.6,0,4912.38
2025-10-03,5,27.02,64.57,0,5150.37
2025-10-04,5,26.2,68.41,0,4509.06
2025-10-05,5,25.98,64.04,0,4693.21
2025-10-06,5,25.52,72.67,0,4911.9
2025-10-07,5,29.02,62.95,0,4994.73
2025-10-08,5,27.48,60.55,0,4830.83
2025-10-09,5,29.19,63.71,0,5513.42
2025-10-10,5,27.67,60.72,0,5068.22
2025-10-11,5,28.37,59.75,0,4891.88
2025-10-12,5,29.18,64.07,0,5425.32
2025-10-13,5,29.86,69.87,0,5668.07
2025-10-14,5,31.44,66.62,0,5455.69
2025-10-15,5,28.77,62.26,0,5083.48
2025-10-16,5,28.47,52.49,0,5143.13
2025-10-17,5,29.2,71.1,0,5564.9
2025-10-18,5,26.57,77.86,0,4954.14
2025-10-19,5,29.99,57.56,0,5414.9
2025-10-20,5,24.99,70.05,0,5230.57
2025-10-21,5,24.95,75.42,0,4834.9
2025-10-22,5,24.99,62.01,0,4635.01
2025-10-23,5,27.24,62.54,0,4965.32
2025-10-24,5,26.17,65.37,0,5081.8
2025-10-25,5,26.72,64.9,0,4842.25
2025-10-26,5,25.39,60.24,0,4566.65
2025-10-27,5,24.01,64.87,0,4449.46
2025-10-28,5,21.72,68.84,0,4506.09
2025-10-29,5,22.77,67.82,0,4787.21
2025-10-30,5,22.46,77.55,0,4692.58
2025-10-31,5,23.35,70.22,0,4671.2
2025-11-01,5,24.22,69.27,0,4845.82
2025-11-02,5,23.42,68.46,1,5252.91
2025-11-03,5,25.56,68.66,0,4840.56
2025-11-04,5,21.64,74.1,1,5708.41
2025-11-05,5,21.72,72.01,0,4406.71
2025-11-06,5,26.58,65.71,0,5104.57
2025-11-07,5,25.02,70.49,0,4977.48
2025-11-08,5,26.72,70.57,0,5037.54
2025-11-09,5,21.98,84.69,0,4985.13
2025-11-10,5,24.77,74.96,0,5007.84
2025-11-11,5,24.56,77.82,0,5065.98
2025-11-12,5,22.02,71.52,0,4831.14
2025-11-13,5,26.47,66.9,0,5213.22
2025-11-14,5,21.93,75.2,1,5356.3
2025-11-15,5,25.51,75.82,1,5472.43
2025-11-16,5,26.11,73.69,1,5415.03
2025-11-17,5,23.77,75.42,0,4634.26
2025-11-18,5,21.99,76.83,0,4893.47
2025-11-19,5,25.73,63.45,0,4881.29
2025-11-20,5,24.11,77.52,0,4953.11
2025-11-21,5,24.57,70.17,0,4913.3
2025-11-22,5,23.14,75.21,1,5164.65
2025-11-23,5,23.56,77.93,0,4394.35
2025-11-24,5,21.55,74.7,0,4752.73
2025-11-25,5,19.29,78.58,0,4552.41
2025-11-26,5,21.36,73.83,0,4740.3
2025-11-27,5,19.4,71.85,0,4798.41
2025-11-28,5,20.45,74.08,0,4749.74
2025-11-29,5,23.55,68.98,0,5185.16
2025-11-30,5,20.5,68.34,0,4423.44
2025-12-01,5,21.13,73.83,0,5100.9
2025-12-02,5,20.69,80.2,0,4782.35
2025-12-03,5,20.85,81.38,0,5196.15
2025-12-04,5,21.36,76.13,0,4854.7
2025-12-05,5,18.64,76.78,0,4760.39
2025-12-06,5,21.13,75.59,1,5465.23
2025-12-07,5,21.18,68.73,0,4565.54
2025-12-08,5,21.13,74.01,0,5091.35
2025-12-09,5,23.47,76.31,0,4943.32
2025-12-10,5,21.9,74.43,0,4737.55
2025-12-11,5,22.38,76.16,0,4719.47
2025-12-12,5,23.19,70.11,0,4687.41
2025-12-13,5,20.81,81.62,0,4569.01
2025-12-14,5,24.12,71.33,0,4441.96
2025-12-15,5,23.49,79.0,0,4950.79
2025-12-16,5,22.32,73.14,1,5739.41
2025-12-17,5,23.11,71.82,0,4742.76
2025-12-18,5,20.2,78.46,1,5378.58
2025-12-19,5,19.4,70.47,0,4770.89
2025-12-20,5,19.88,81.29,0,4796.73
2025-12-21,5,20.45,73.79,1,5105.67
2025-12-22,5,21.04,72.71,0,4743.46
2025-12-23,5,21.34,71.66,0,4864.67
2025-12-24,5,21.08,85.91,0,5241.02
2025-12-25,5,18.65,85.0,0,4978.7
2025-12-26,5,16.0,75.99,0,4594.85
2025-12-27,5,19.02,83.98,0,4540.65
2025-12-28,5,17.53,75.83,0,4668.39
2025-12-29,5,17.62,89.07,0,5186.49
2025-12-30,5,16.52,81.99,0,5083.12
2025-12-31,5,17.4,83.85,0,4797.21
